,0
0,"
graph LR
    1[""scene""] --> 2[""filter_color_gray""]
    2 --> 3[""filter_shape_cube""]
    3 --> 4[""unique""]
    4 --> 5[""same_shape""]
    5 --> 6[""filter_material_metal""]
    6 --> 7[""count""]
"
1,"
graph LR
    1[""scene""] --> 2[""filter_size_large""]
    2 --> 3[""filter_color_cyan""]
    3 --> 4[""unique""]
    1 --> 5[""filter_color_gray""]
    5 --> 6[""unique""]
    4 --> 7[""relate_behind""]
    6 --> 8[""relate_left""]
    7 --> 9[""And""]
    8 --> 9
    9 --> 10[""filter_material_metal""]
    10 --> 11[""count""]
"
2,"
graph LR
    1[""scene""] --> 2[""filter_material_metal""]
    2 --> 3[""filter_size_small""]
    3 --> 4[""unique""]
    4 --> 5[""same_color""]
    5 --> 6[""filter_shape_sphere""]
    6 --> 7[""count""]
"
3,"
graph LR
    1[""scene""] --> 2[""filter_color_green""]
    2 --> 3[""unique""]
    3 --> 4[""relate_right""]
    4 --> 5[""filter_color_red""]
    5 --> 6[""filter_material_rubber""]
    4 --> 7[""filter_material_metals""]
    6 --> 8[""count""]
    7 --> 9[""count""]
    8 --> 10[""Or""]
    9 --> 10
    10 --> 11[""count""]
"
4,"
graph LR
    1[""scene""] --> 2[""filter_color_brown""]
    2 --> 3[""filter_shape_cylinder""]
    3 --> 4[""unique""]
    4 --> 5[""relate_left""]
    5 --> 6[""filter_shape_cylinder""]
    6 --> 7[""unique""]
    7 --> 8[""relate_in_front""]
    4 --> 9[""filter_size_large""]
    9 --> 10[""filter_material_metal""]
    10 --> 11[""unique""]
    11 --> 12[""relate_right""]
    11 --> 13[""filter_size_large""]
    13 --> 14[""count""]
"
5,"
graph LR
    1[""scene""] --> 2[""filter_color_brown""]
    2 --> 3[""filter_material_metal""]
    3 --> 4[""unique""]
    1 --> 5[""filter_shape_cube""]
    5 --> 6[""unique""]
    6 --> 7[""relate_behind""]
    7 --> 8[""filter_material_rubber""]
    8 --> 9[""unique""]
    9 --> 10[""equal_size""]
    4 --> 10
"
6,"
graph LR
    1[""scene""] --> 2[""filter_material_rubber""]
    2 --> 3[""filter_size_large""]
    3 --> 4[""filter_color_blue""]
    4 --> 5[""unique""]
    5 --> 6[""relate_right""]
    1 --> 7[""filter_size_small""]
    7 --> 8[""filter_shape_sphere""]
    8 --> 9[""unique""]
    6 --> 10[""query_color""]
    9 --> 11[""query_color""]
    10 --> 12[""equal_color""]
    11 --> 12
"
7,"
graph LR
    1[""scene""] --> 2[""filter_size_small""]
    2 --> 3[""unique""]
    1 --> 4[""filter_material_metal""]
    4 --> 5[""filter_shape_cylinder""]
    5 --> 6[""unique""]
    6 --> 7[""relate_right""]
    7 --> 8[""unique""]
    1 --> 9[""filter_color_blue""]
    9 --> 10[""filter_size_large""]
    10 --> 11[""unique""]
    8 --> 12[""equal_shape""]
    11 --> 12
"
8,"
graph LR
    1[""scene""] --> 2[""filter_color_gray""]
    2 --> 3[""unique""]
    3 --> 4[""relate_right""]
    1 --> 5[""filter_material_metal""]
    5 --> 6[""filter_shape_cube""]
    6 --> 7[""unique""]
    4 --> 8[""unique""]
    7 --> 9[""equal_color""]
    8 --> 9
"
9,"
graph LR
    1[""scene""] --> 2[""filter_size_small""]
    2 --> 3[""filter_color_brown""]
    3 --> 4[""filter_material_metal""]
    4 --> 5[""count""]
    1 --> 6[""filter_color_yellow""]
    6 --> 7[""Or""]
    1 --> 6[""filter_color_red""]
    7 --> 6[""filter_color_green""]
    7 --> 6[""filter_color_blue""]
    6 --> 8[""count""]
    5 --> 9[""less_than""]
    8 --> 9
"
10,"
graph LR
    1[""scene""] --> 2[""filter_size_large""]
    2 --> 3[""filter_material_rubber""]
    3 --> 4[""filter_color_gray""]
    4 --> 5[""unique""]
    5 --> 6[""relate_right""]
    6 --> 7[""filter_size_large""]
    7 --> 8[""filter_shape_sphere""]
    8 --> 9[""unique""]
    9 --> 10[""query_color""]
"
11,"
graph LR
    1[""scene""] --> 2[""filter_size_large""]
    2 --> 3[""filter_material_metal""]
    3 --> 4[""unique""]
    1 --> 5[""filter_shape_sphere""]
    5 --> 6[""filter_size_small""]
    6 --> 7[""unique""]
    7 --> 8[""relate_behind""]
    4 --> 9[""relate_left""]
    9 --> 10[""filter_shape_cylinder""]
    10 --> 11[""unique""]
    8 --> 12[""And""]
    11 --> 12
    12 --> 13[""query_size""]
"
12,"
graph LR
    1[""scene""] --> 2[""filter_material_metal""]
    2 --> 3[""filter_color_brown""]
    3 --> 4[""unique""]
    1 --> 5[""filter_color_purple""]
    5 --> 6[""unique""]
    4 --> 7[""relate_behind""]
    6 --> 8[""relate_in_front""]
    7 --> 9[""AND""]
    8 --> 9
    9 --> 10[""filter_material_rubber""]
    10 --> 11[""query_shape""]
"
13,"
graph LR
    1[""scene""] --> 2[""filter_size_small""]
    2 --> 3[""unique""]
    3 --> 4[""filter_color_red""]
    4 --> 5[""same_material""]
    1 --> 6[""filter_color_yellow""]
    6 --> 7[""And""]
    5 --> 7
    7 --> 8[""query_shape""]
"
14,"
graph LR
    1[""scene""] --> 2[""filter_color_cyan""]
    2 --> 3[""filter_size_small""]
    3 --> 4[""unique""]
    4 --> 5[""same_shape""]
    5 --> 6[""filter_material_metal""]
    6 --> 7[""exclude""]
    7 --> 8[""query_size""]
"
15,"
graph LR
    1[""scene""] --> 2[""filter_color_green""]
    2 --> 3[""filter_material_metal""]
    3 --> 4[""filter_size_large""]
    4 --> 5[""unique""]
    5 --> 6[""relate_left""]
    1 --> 7[""filter_color_red""]
    7 --> 8[""filter_material_metal""]
    6 --> 9[""And""]
    8 --> 9
    9 --> 10[""count""]
"
16,"
graph LR
    1[""scene""] --> 2[""filter_size_small""]
    2 --> 3[""filter_color_cyan""]
    3 --> 4[""unique""]
    1 --> 5[""filter_size_large""]
    5 --> 6[""filter_color_green""]
    6 --> 7[""filter_material_rubber""]
    7 --> 8[""filter_shape_cube""]
    8 --> 9[""count""]
    4 --> 10[""relate_behind""]
    10 --> 11[""filter_size_large""]
    9 --> 12[""OR""]
    11 --> 12
    12 --> 13[""count""]
"
17,"
graph LR
    1[""scene""] --> 2[""filter_size_large""]
    2 --> 3[""filter_color_yellow""]
    3 --> 4[""unique""]
    4 --> 5[""relate_in_front""]
    1 --> 6[""filter_material_metal""]
    5 --> 7[""And""]
    6 --> 7
    7 --> 8[""relate_behind""]
    8 --> 9[""filter_size_large""]
    9 --> 10[""count""]
"
18,"
graph LR
    1[""scene""] --> 2[""filter_size_small""]
    2 --> 3[""filter_shape_sphere""]
    3 --> 4[""filter_material_metal""]
    4 --> 5[""count""]
"
19,"
graph LR
    1[""scene""] --> 2[""filter_size_small""]
    2 --> 3[""filter_material_metal""]
    3 --> 4[""unique""]
    4 --> 5[""same_color""]
    5 --> 6[""filter_shape_cube""]
    6 --> 7[""count""]
"
20,"
graph LR
    1[""scene""] --> 2[""filter_size_small""]
    2 --> 3[""filter_color_red""]
    3 --> 4[""filter_material_rubber""]
    4 --> 5[""unique""]
    5 --> 6[""relate_left""]
    6 --> 7[""filter_size_small""]
    7 --> 8[""filter_shape_cylinder""]
    8 --> 9[""count""]
    1 --> 10[""filter_color_blue""]
    10 --> 11[""filter_shape_cylinder""]
    11 --> 12[""count""]
    9 --> 13[""less_than""]
    12 --> 13
"
21,"
graph LR
    1[""scene""] --> 2[""filter_size_small""]
    2 --> 3[""filter_material_metal""]
    3 --> 4[""filter_color_red""]
    4 --> 5[""unique""]
    5 --> 6[""relate_in_front""]
    6 --> 7[""filter_shape_cube""]
    1 --> 8[""filter_color_yellow""]
    8 --> 9[""filter_shape_cylinder""]
    9 --> 10[""unique""]
    10 --> 11[""relate_right""]
    11 --> 12[""filter_size_small""]
    12 --> 13[""filter_material_metal""]
    13 --> 14[""count""]
    14 --> 15[""greater_than""]
    7 --> 15
"
22,"
graph LR
    1[""scene""] --> 2[""filter_color_green""]
    2 --> 3[""filter_material_rubber""]
    3 --> 4[""filter_size_small""]
    4 --> 5[""unique""]
    5 --> 6[""relate_right""]
    1 --> 7[""filter_shape_sphere""]
    7 --> 8[""filter_size_small""]
    8 --> 9[""unique""]
    1 --> 10[""filter_color_""]
    10 --> 11[""filter_size_small""]
    11 --> 12[""filter_material_rubber""]
    12 --> 13[""unique""]
    13 --> 14[""equal_color""]
    9 --> 14
"
23,"
graph LR
    1[""scene""] --> 2[""filter_size_large""]
    2 --> 3[""exist""]
"
24,"
graph LR
    1[""scene""] --> 2[""filter_color_purple""]
    2 --> 3[""filter_shape_cube""]
    3 --> 4[""unique""]
    1 --> 5[""filter_color_gray""]
    5 --> 6[""filter_material_rubber""]
    6 --> 7[""filter_shape_sphere""]
    7 --> 8[""unique""]
    4 --> 9[""equal_size""]
    8 --> 9
"
25,"
graph LR
    1[""scene""] --> 2[""filter_shape_cylinder""]
    2 --> 3[""filter_material_metal""]
    3 --> 4[""unique""]
    4 --> 5[""relate_in_front""]
    5 --> 6[""filter_size_large""]
    6 --> 7[""filter_material_metal""]
    7 --> 8[""query_color""]
"
26,"
graph LR
    1[""scene""] --> 2[""filter_color_green""]
    2 --> 3[""filter_shape_cylinder""]
    3 --> 4[""unique""]
    4 --> 5[""relate_right""]
    1 --> 6[""filter_color_green""]
    6 --> 7[""unique""]
    5 --> 8[""AND""]
    7 --> 8
    8 --> 9[""filter_shape""]
    9 --> 10[""query_shape""]
"
27,"
graph LR
    1[""scene""] --> 2[""filter_size_large""]
    2 --> 3[""filter_material_rubber""]
    3 --> 4[""unique""]
    4 --> 5[""same_color""]
    5 --> 6[""filter_material_rubber""]
    6 --> 7[""query_shape""]
"
28,"
graph LR
    1[""scene""] --> 2[""filter_shape_cube""]
    2 --> 3[""filter_material_metal""]
    3 --> 4[""unique""]
    4 --> 5[""same_color""]
    1 --> 6[""filter_material_rubber""]
    5 --> 6
    6 --> 7[""query_size""]
"
29,"
graph LR
    1[""scene""] --> 2[""filter_color_red""]
    2 --> 3[""filter_size_small""]
    3 --> 4[""unique""]
    4 --> 5[""relate_in_front""]
    1 --> 6[""filter_size_small""]
    6 --> 7[""filter_color_red""]
    7 --> 8[""relate_left""]
    5 --> 8
    8 --> 9[""relate_right""]
    9 --> 10[""query_material""]
"
30,"
graph LR
    1[""scene""] --> 2[""filter_color_purple""]
    2 --> 3[""unique""]
    3 --> 4[""same_size""]
    4 --> 5[""count""]
"
31,"
graph LR
    1[""scene""] --> 2[""filter_color_green""]
    2 --> 3[""unique""]
    3 --> 4[""relate_behind""]
    1 --> 5[""filter_color_purple""]
    5 --> 6[""filter_material_rubber""]
    6 --> 7[""filter_size_small""]
    4 --> 8[""filter_size_large""]
    7 --> 9[""OR""]
    8 --> 9
    9 --> 10[""count""]
"
32,"
graph LR
    1[""scene""] --> 2[""filter_size_large""]
    2 --> 3[""filter_material_metal""]
    3 --> 4[""filter_shape_cylinder""]
    4 --> 5[""unique""]
    1 --> 6[""filter_color_cyan""]
    5 --> 7[""relate_left""]
    6 --> 8[""filter_material_rubber""]
    7 --> 9[""unique""]
    9 --> 10[""relate_left""]
    10 --> 11[""filter_size_small""]
    11 --> 12[""filter_shape_cube""]
    12 --> 13[""unique""]
    13 --> 14[""relate_behind""]
    14 --> 15[""filter_shape_sphere""]
    15 --> 16[""count""]
"
33,"
graph LR
    1[""scene""] --> 2[""filter_color_red""]
    1 --> 3[""filter_material_metal""]
    2 --> 4[""AND""]
    3 --> 4
    4 --> 5[""count""]
"
34,"
graph LR
    1[""scene""] --> 2[""filter_color_green""]
    2 --> 3[""filter_shape_sphere""]
    3 --> 4[""filter_size_small""]
    4 --> 5[""unique""]
    5 --> 6[""same_material""]
    6 --> 7[""count""]
"
35,"
graph LR
    1[""scene""] --> 2[""filter_color_cyan""]
    2 --> 3[""filter_material_metal""]
    3 --> 4[""unique""]
    1 --> 5[""filter_size_small""]
    5 --> 6[""filter_color_yellow""]
    6 --> 7[""filter_material_metal""]
    7 --> 8[""unique""]
    4 --> 9[""equal_shape""]
    8 --> 9
"
36,"
graph LR
    1[""scene""] --> 2[""filter_color_cyan""]
    2 --> 3[""unique""]
    1 --> 4[""filter_color_brown""]
    4 --> 5[""filter_size_large""]
    5 --> 6[""filter_shape_cylinder""]
    3 --> 7[""same_material""]
    7 --> 8[""And""]
    6 --> 8
    8 --> 9[""exist""]
"
37,"
graph LR
    1[""scene""] --> 2[""filter_color_cyan""]
    2 --> 3[""filter_shape_cube""]
    3 --> 4[""unique""]
    4 --> 5[""relate_right""]
    1 --> 6[""filter_material_metal""]
    5 --> 7[""unique""]
    7 --> 8[""relate_behind""]
    8 --> 9[""filter_shape_cube""]
    9 --> 10[""filter_material_rubber""]
"
38,"
graph LR
    1[""scene""] --> 2[""filter_size_large""]
    2 --> 3[""filter_shape_sphere""]
    3 --> 4[""unique""]
    4 --> 5[""relate_right""]
    1 --> 6[""filter_color_gray""]
    5 --> 7[""filter_color_gray""]
    7 --> 8[""unique""]
    1 --> 9[""filter_color_green""]
    9 --> 10[""unique""]
    10 --> 11[""relate_behind""]
    10 --> 12[""filter_shape_cylinder""]
    12 --> 13[""unique""]
    8 --> 14[""equal_size""]
    13 --> 14
"
39,"
graph LR
    1[""scene""] --> 2[""filter_size_small""]
    2 --> 3[""filter_color_gray""]
    3 --> 4[""filter_material_metal""]
    4 --> 5[""filter_shape_cylinder""]
    5 --> 6[""count""]
    1 --> 7[""filter_color_red""]
    7 --> 8[""filter_shape_cube""]
    8 --> 9[""count""]
    6 --> 10[""equal_integer""]
    9 --> 10
"
40,"
graph LR
    1[""scene""] --> 2[""filter_size_small""]
    2 --> 3[""filter_color_blue""]
    3 --> 4[""unique""]
    4 --> 5[""relate_left""]
    5 --> 6[""filter_material_metal""]
    6 --> 7[""unique""]
    7 --> 8[""relate_behind""]
    8 --> 9[""filter_size_small""]
    9 --> 10[""filter_color_cyan""]
    10 --> 11[""unique""]
    11 --> 12[""relate_in_front""]
    12 --> 13[""filter_color_brown""]
    13 --> 14[""filter_shape_cylinder""]
    14 --> 15[""unique""]
    15 --> 16[""query_size""]
"
41,"
graph LR
    1[""scene""] --> 2[""filter_size_large""]
    2 --> 3[""filter_color_red""]
    3 --> 4[""unique""]
    4 --> 5[""query_material""]
"
42,"
graph LR
    1[""scene""] --> 2[""filter_color_yellow""]
    2 --> 3[""filter_material_metal""]
    3 --> 4[""filter_size_large""]
    4 --> 5[""unique""]
    5 --> 6[""relate_behind""]
    6 --> 7[""filter_material_metal""]
    7 --> 8[""query_size""]
"
43,"
graph LR
    1[""scene""] --> 2[""filter_color_red""]
    2 --> 3[""filter_material_rubber""]
    3 --> 4[""unique""]
    4 --> 5[""same_size""]
    5 --> 6[""filter_shape_sphere""]
    6 --> 7[""unique""]
    7 --> 8[""query_color""]
"
44,"
graph LR
    1[""scene""] --> 2[""filter_color_cyan""]
    2 --> 3[""filter_size_large""]
    3 --> 4[""unique""]
    4 --> 5[""same_material""]
    5 --> 6[""query_color""]
"
45,"
graph LR
    1[""scene""] --> 2[""filter_size_small""]
    2 --> 3[""unique""]
    1 --> 4[""filter_color_green""]
    4 --> 5[""filter_shape_sphere""]
    5 --> 6[""unique""]
    1 --> 7[""filter_size_large""]
    7 --> 8[""filter_color_yellow""]
    8 --> 9[""filter_material_metal""]
    9 --> 10[""unique""]
    6 --> 11[""relate_in_front""]
    10 --> 12[""relate_in_front""]
    11 --> 13[""Or""]
    12 --> 13
    3 --> 14[""relate_right""]
    13 --> 15[""Or""]
    14 --> 15
    15 --> 16[""count""]
"
46,"
graph LR
    1[""scene""] --> 2[""filter_color_cyan""]
    2 --> 3[""filter_material_metal""]
    3 --> 4[""unique""]
    4 --> 5[""relate_behind""]
    1 --> 6[""filter_material_rubber""]
    5 --> 7[""unique""]
    7 --> 8[""relate_behind""]
    8 --> 9[""filter_size_small""]
    9 --> 10[""filter_color_cyan""]
    10 --> 11[""unique""]
    11 --> 12[""relate_right""]
    4 --> 12
    12 --> 13[""filter_material_rubber""]
    13 --> 14[""filter_shape_sphere""]
    14 --> 15[""count""]
"
47,"
graph LR
    1[""scene""] --> 2[""filter_material_metal""]
    2 --> 3[""filter_shape_cube""]
    3 --> 4[""unique""]
    4 --> 5[""relate_behind""]
    1 --> 6[""filter_size_small""]
    6 --> 7[""filter_material_rubber""]
    7 --> 8[""filter_shape_sphere""]
    8 --> 9[""unique""]
    5 --> 10[""filter_size_large""]
    9 --> 11[""OR""]
    10 --> 11
    11 --> 12[""count""]
"
48,"
graph LR
    1[""scene""] --> 2[""filter_size_small""]
    2 --> 3[""filter_color_yellow""]
    3 --> 4[""unique""]
    4 --> 5[""relate_behind""]
    1 --> 6[""filter_material_metal""]
    5 --> 7[""And""]
    6 --> 7
    7 --> 8[""filter_shape_sphere""]
    1 --> 9[""filter_size_small""]
    9 --> 10[""filter_color_yellow""]
    10 --> 11[""filter_shape_sphere""]
    8 --> 12[""OR""]
    7 --> 12
    12 --> 13[""count""]
"
49,"
graph LR
    1[""scene""] --> 2[""filter_size_large""]
    2 --> 3[""filter_color_blue""]
    3 --> 4[""unique""]
    4 --> 5[""relate_right""]
    1 --> 6[""filter_size_small""]
    6 --> 7[""filter_material_metal""]
    7 --> 8[""unique""]
    5 --> 8
    8 --> 9[""relate_right""]
    9 --> 10[""filter_color_cyan""]
    10 --> 11[""count""]
"
50,"
graph LR
    1[""scene""] --> 2[""filter_shape_cylinder""]
    2 --> 3[""filter_color_blue""]
    3 --> 4[""unique""]
    4 --> 5[""relate_left""]
    1 --> 6[""filter_shape_sphere""]
    5 --> 7[""unique""]
    6 --> 7
    1 --> 8[""filter_color_green""]
    8 --> 9[""filter_material_metal""]
    9 --> 10[""unique""]
    7 --> 11[""equal_size""]
    10 --> 11
"
51,"
graph LR
    1[""scene""] --> 2[""filter_color_blue""]
    2 --> 3[""filter_shape_cylinder""]
    3 --> 4[""unique""]
    4 --> 5[""relate_in_front""]
    1 --> 6[""filter_color_green""]
    5 --> 7[""filter_color_green""]
    6 --> 8[""filter_material_metal""]
    8 --> 9[""unique""]
    7 --> 10[""unique""]
    10 --> 11[""equal_size""]
    9 --> 11
"
52,"
graph LR
    1[""scene""] --> 2[""filter_color_blue""]
    2 --> 3[""unique""]
    1 --> 4[""filter_color_purple""]
    4 --> 5[""relate_in_front""]
    1 --> 6[""filter_shape_cube""]
    5 --> 7[""unique""]
    7 --> 8[""equal_material""]
    3 --> 8
"
53,"
graph LR
    1[""scene""] --> 2[""filter_size_small""]
    2 --> 3[""filter_color_cyan""]
    3 --> 4[""filter_material_rubber""]
    4 --> 5[""exist""]
"
54,"
graph LR
    1[""scene""] --> 2[""filter_material_metal""]
    2 --> 3[""unique""]
    3 --> 4[""relate_behind""]
    4 --> 5[""filter_color_red""]
    5 --> 6[""filter_shape_cylinder""]
    6 --> 7[""exist""]
"
55,"
graph LR
    1[""scene""] --> 2[""filter_color_red""]
    2 --> 3[""filter_material_metal""]
    3 --> 4[""filter_size_large""]
    4 --> 5[""unique""]
    5 --> 6[""relate_in_front""]
    1 --> 7[""filter_size_small""]
    7 --> 8[""filter_material_rubber""]
    8 --> 9[""unique""]
    9 --> 10[""relate_right""]
    6 --> 10
    10 --> 11[""filter_size_large""]
    11 --> 12[""filter_material_rubber""]
    12 --> 13[""unique""]
    13 --> 14[""relate_right""]
    10 --> 14
    14 --> 15[""filter_shape_sphere""]
    15 --> 16[""unique""]
    16 --> 17[""query_size""]
"
56,"
graph LR
    1[""scene""] --> 2[""filter_color_green""]
    2 --> 3[""filter_material_metal""]
    3 --> 4[""unique""]
    1 --> 5[""filter_color_yellow""]
    5 --> 6[""filter_shape_cylinder""]
    6 --> 7[""unique""]
    7 --> 8[""relate_behind""]
    4 --> 9[""relate_in_front""]
    8 --> 10[""And""]
    9 --> 10
    10 --> 11[""filter_material_metal""]
    11 --> 12[""query_size""]
"
57,"
graph LR
    1[""scene""] --> 2[""filter_material_rubber""]
    2 --> 3[""filter_color_red""]
    3 --> 4[""filter_shape_sphere""]
    4 --> 5[""unique""]
    5 --> 6[""same_size""]
    6 --> 7[""AND""]
    7 --> 8[""scene""]
    8 --> 9[""NOT""]
    9 --> 10[""filter_shape_sphere""]
    10 --> 11[""unique""]
    11 --> 12[""query_shape""]
"
58,"
graph LR
    1[""scene""] --> 2[""filter_size_large""]
    2 --> 3[""filter_color_blue""]
    3 --> 4[""unique""]
    4 --> 5[""query_shape""]
"
59,"
graph LR
    1[""scene""] --> 2[""filter_color_blue""]
    2 --> 3[""filter_material_matte""]
    3 --> 4[""filter_size_large""]
    4 --> 5[""unique""]
    5 --> 6[""relate_left""]
    1 --> 7[""filter_color_brown""]
    7 --> 8[""filter_material_metal""]
    8 --> 9[""unique""]
    9 --> 10[""relate_behind""]
    6 --> 10
    10 --> 11[""filter_size_large""]
    11 --> 12[""filter_material_matte""]
    12 --> 13[""unique""]
    13 --> 14[""query_shape""]
"
60,"
graph LR
    1[""scene""] --> 2[""filter_color_purple""]
    2 --> 3[""filter_material_metal""]
    3 --> 4[""filter_shape_cylinder""]
    4 --> 5[""unique""]
    5 --> 6[""same_material""]
    6 --> 7[""same_size""]
    7 --> 8[""count""]
"
61,"
graph LR
    1[""scene""] --> 2[""filter_color_gray""]
    2 --> 3[""filter_material_rubber""]
    3 --> 4[""unique""]
    4 --> 5[""same_size""]
    5 --> 6[""count""]
"
62,"
graph LR
    1[""scene""] --> 2[""filter_color_cyan""]
    2 --> 3[""filter_size_large""]
    3 --> 4[""unique""]
    4 --> 5[""same_shape""]
    5 --> 6[""filter_color_red""]
    6 --> 7[""count""]
"
63,"
graph LR
    1[""scene""] --> 2[""filter_color_red""]
    2 --> 3[""relate_behind""]
    1 --> 4[""filter_size_large""]
    4 --> 5[""relate_left""]
    5 --> 6[""filter_material_rubber""]
    6 --> 7[""relate_behind""]
    7 --> 8[""filter_size_small""]
    8 --> 9[""count""]
"
64,"
graph LR
    1[""scene""] --> 2[""filter_size_large""]
    2 --> 3[""filter_color_gray""]
    3 --> 4[""filter_shape_cylinder""]
    4 --> 5[""unique""]
    5 --> 6[""relate_in_front""]
    1 --> 7[""filter_material_rubber""]
    6 --> 8[""And""]
    7 --> 8
    1 --> 9[""filter_size_large""]
    9 --> 10[""filter_color_red""]
    10 --> 11[""unique""]
    11 --> 12[""relate_right""]
    8 --> 13[""Or""]
    12 --> 13
    13 --> 14[""filter_color_green""]
    14 --> 15[""count""]
"
65,"
graph LR
    1[""scene""] --> 2[""filter_material_metal""]
    2 --> 3[""filter_size_small""]
    3 --> 4[""unique""]
    1 --> 5[""filter_material_rubber""]
    5 --> 6[""filter_size_small""]
    6 --> 7[""unique""]
    4 --> 8[""equal_shape""]
    7 --> 8
"
66,"
graph LR
    1[""scene""] --> 2[""filter_size_small""]
    2 --> 3[""filter_material_metal""]
    3 --> 4[""filter_color_green""]
    4 --> 5[""unique""]
    5 --> 6[""same_shape""]
    6 --> 7[""exist""]
"
67,"
graph LR
    1[""scene""] --> 2[""filter_size_small""]
    2 --> 3[""unique""]
    3 --> 4[""filter_color_yellow""]
    4 --> 5[""unique""]
    1 --> 6[""filter_color_red""]
    6 --> 7[""unique""]
    5 --> 8[""equal_shape""]
    7 --> 8
"
68,"
graph LR
    1[""scene""] --> 2[""filter_size_small""]
    2 --> 3[""unique""]
    1 --> 4[""filter_size_large""]
    1 --> 5[""filter_material_metal""]
    4 --> 6[""unique""]
    3 --> 7[""filter_color_green""]
    7 --> 8[""filter_size_small""]
    8 --> 9[""unique""]
    9 --> 10[""relate_in_front""]
    6 --> 11[""relate_left""]
    11 --> 12[""equal_material""]
    10 --> 13[""equal_material""]
    12 --> 14[""And""]
    13 --> 14
    14 --> 15[""yes""]
"
69,"
graph LR
    1[""scene""] --> 2[""filter_color_green""]
    2 --> 3[""unique""]
    3 --> 4[""relate_in_front""]
    4 --> 5[""filter_color_gray""]
    5 --> 6[""filter_material_metal""]
    6 --> 7[""filter_shape_sphere""]
    1 --> 8[""filter_color_brown""]
    8 --> 9[""filter_material_metal""]
    9 --> 10[""unique""]
    7 --> 11[""equal_size""]
    10 --> 11
"
70,"
graph LR
    1[""scene""] --> 2[""filter_size_small""]
    2 --> 3[""filter_color_green""]
    3 --> 4[""filter_material_metal""]
    4 --> 5[""unique""]
    1 --> 6[""filter_color_purple""]
    6 --> 7[""filter_material_matte""]
    7 --> 8[""unique""]
    5 --> 9[""relate_behind""]
    8 --> 10[""relate_left""]
    9 --> 11[""And""]
    10 --> 11
    11 --> 12[""filter_material""]
"
71,"
graph LR
    1[""scene""] --> 2[""filter_color_purple""]
    2 --> 3[""filter_material_metal""]
    3 --> 4[""unique""]
    4 --> 5[""same_shape""]
    5 --> 6[""filter_size_small""]
    6 --> 7[""filter_material_rubber""]
    7 --> 8[""query_color""]
"
72,"
graph LR
    1[""scene""] --> 2[""filter_size_small""]
    2 --> 3[""filter_color_green""]
    3 --> 4[""unique""]
    4 --> 5[""same_material""]
    5 --> 6[""filter_color_yellow""]
    6 --> 7[""filter_shape_cube""]
    7 --> 8[""unique""]
    8 --> 9[""query_size""]
"
73,"
graph LR
    1[""scene""] --> 2[""filter_color_gray""]
    2 --> 3[""filter_size_large""]
    3 --> 4[""unique""]
    4 --> 5[""relate_in_front""]
    1 --> 6[""filter_size_small""]
    6 --> 7[""unique""]
    7 --> 8[""relate_behind""]
    5 --> 8
    8 --> 9[""filter_color_blue""]
    9 --> 10[""filter_size_small""]
    10 --> 11[""unique""]
    11 --> 12[""query_material""]
"
74,"
graph LR
    1[""scene""] --> 2[""filter_size_small""]
    2 --> 3[""filter_color_red""]
    3 --> 4[""unique""]
    4 --> 5[""relate_left""]
    1 --> 6[""filter_color_yellow""]
    5 --> 7[""filter_color_yellow""]
    7 --> 8[""unique""]
    8 --> 9[""relate_left""]
    9 --> 10[""filter_shape_cylinder""]
    10 --> 11[""unique""]
    11 --> 12[""query_color""]
"
75,"
graph LR
    1[""scene""] --> 2[""filter_size_small""]
    2 --> 3[""filter_material_metal""]
    3 --> 4[""unique""]
    1 --> 5[""filter_color_blue""]
    5 --> 6[""filter_material_rubber""]
    6 --> 7[""unique""]
    4 --> 8[""relate_right""]
    7 --> 9[""relate_left""]
    8 --> 10[""And""]
    9 --> 10
    10 --> 11[""filter_size_small""]
    11 --> 12[""count""]
"
76,"
graph LR
    1[""scene""] --> 2[""filter_color_green""]
    2 --> 3[""unique""]
    3 --> 4[""relate_in_front""]
    1 --> 5[""filter_size_small""]
    1 --> 6[""filter_color_purple""]
    5 --> 7[""OR""]
    6 --> 7
    1 --> 8[""filter_material_metal""]
    1 --> 9[""filter_shape_sphere""]
    8 --> 10[""OR""]
    9 --> 10
    10 --> 11[""OR""]
    7 --> 11
    11 --> 12[""count""]
"
77,"
graph LR
    1[""scene""] --> 2[""filter_color_brown""]
    2 --> 3[""filter_shape_cube""]
    3 --> 4[""unique""]
    4 --> 5[""relate_left""]
    1 --> 6[""filter_color_blue""]
    1 --> 7[""filter_material_rubber""]
    7 --> 8[""unique""]
    6 --> 9[""relate_left""]
    8 --> 10[""relate_left""]
    5 --> 11[""OR""]
    9 --> 11
    10 --> 11
    11 --> 12[""count""]
"
78,"
graph LR
    1[""scene""] --> 2[""filter_material_rubber""]
    1 --> 3[""filter_size_small""]
    1 --> 4[""filter_color_cyan""]
    3 --> 5[""AND""]
    4 --> 5
    5 --> 6[""AND""]
    2 --> 6
    6 --> 7[""count""]
"
79,"
graph LR
    1[""scene""] --> 2[""filter_size_large""]
    2 --> 3[""filter_shape_cylinder""]
    3 --> 4[""unique""]
    4 --> 5[""same_color""]
    5 --> 6[""count""]
"
80,"
graph LR
    1[""scene""] --> 2[""filter_color_purple""]
    2 --> 3[""filter_material_metal""]
    3 --> 4[""unique""]
    4 --> 5[""same_size""]
    5 --> 6[""count""]
    6 --> 7[""not""]
    5 --> 8[""exist""]
    7 --> 9[""not""]
    6 --> 10[""equal_integer""]
    10 --> 11[""not""]
"
81,"
graph LR
    1[""scene""] --> 2[""filter_material_rubber""]
    2 --> 3[""filter_shape_cylinder""]
    3 --> 4[""unique""]
    4 --> 5[""relate_right""]
    1 --> 6[""filter_shape_sphere""]
    6 --> 7[""unique""]
    7 --> 8[""relate_in_front""]
    6 --> 9[""filter_color_gray""]
    9 --> 10[""filter_material_metal""]
    10 --> 11[""filter_size_large""]
    5 --> 12[""filter_size_large""]
    5 --> 13[""filter_color_gray""]
    13 --> 14[""filter_material_rubber""]
    12 --> 14
    11 --> 10
    5 --> 15[""count""]
    8 --> 16[""count""]
    15 --> 17[""equal_integer""]
    16 --> 17
"
82,"
graph LR
    1[""scene""] --> 2[""filter_color_purple""]
    2 --> 3[""unique""]
    3 --> 4[""same_shape""]
    4 --> 5[""exist""]
"
83,"
graph LR
    1[""scene""] --> 2[""filter_material_metal""]
    2 --> 3[""filter_size_large""]
    3 --> 4[""unique""]
    1 --> 5[""filter_material_rubber""]
    5 --> 6[""filter_color_purple""]
    6 --> 7[""filter_size_small""]
    7 --> 8[""unique""]
    4 --> 9[""equal_shape""]
    8 --> 9
    9 --> 10[""And""]
"
84,"
graph LR
    1[""scene""] --> 2[""filter_shape_cylinder""]
    2 --> 3[""filter_material_metal""]
    3 --> 4[""unique""]
    1 --> 5[""filter_size_large""]
    5 --> 6[""unique""]
    4 --> 7[""equal_color""]
    6 --> 7
"
85,"
graph LR
    1[""scene""] --> 2[""relate_behind""]
    2 --> 3[""filter_color_purple""]
    3 --> 4[""filter_material_rubber""]
    4 --> 5[""unique""]
    5 --> 6[""relate_right""]
    6 --> 7[""filter_color_cyan""]
    7 --> 8[""filter_shape_cube""]
    8 --> 9[""unique""]
    9 --> 10[""relate_right""]
    10 --> 11[""filter_color_cyan""]
    11 --> 12[""filter_material_metal""]
    12 --> 13[""unique""]
    13 --> 14[""relate_right""]
    14 --> 15[""filter_shape_sphere""]
    15 --> 16[""unique""]
    16 --> 17[""query_material""]
"
86,"
graph LR
    1[""scene""] --> 2[""filter_size_small""]
    2 --> 3[""filter_shape_cylinder""]
    3 --> 4[""unique""]
    4 --> 5[""query_color""]
"
87,"
graph LR
    1[""scene""] --> 2[""filter_size_large""]
    2 --> 3[""filter_color_blue""]
    3 --> 4[""unique""]
    4 --> 5[""same_material""]
    5 --> 6[""filter_color_purple""]
    6 --> 7[""filter_shape_cylinder""]
    7 --> 8[""unique""]
    8 --> 9[""query_size""]
"
88,"
graph LR
    1[""scene""] --> 2[""filter_color_blue""]
    2 --> 3[""filter_size_large""]
    3 --> 4[""unique""]
    4 --> 5[""relate_right""]
    5 --> 6[""filter_size_large""]
    6 --> 7[""filter_color_blue""]
    7 --> 8[""unique""]
    1 --> 9[""filter_shape_sphere""]
    9 --> 10[""filter_size_large""]
    10 --> 11[""unique""]
    11 --> 12[""relate_in_front""]
    12 --> 13[""filter_material_metal""]
    13 --> 14[""unique""]
    14 --> 15[""relate_right""]
    15 --> 16[""filter_material_metal""]
    16 --> 17[""unique""]
    17 --> 18[""query_color""]
"
89,"
graph LR
    1[""scene""] --> 2[""filter_size_small""]
    2 --> 3[""filter_color_blue""]
    3 --> 4[""unique""]
    4 --> 5[""relate_right""]
    1 --> 6[""filter_size_small""]
    6 --> 7[""filter_material_metal""]
    7 --> 8[""unique""]
    8 --> 9[""relate_left""]
    9 --> 10[""relate_left""]
    10 --> 11[""query_size""]
"
90,"
graph LR
    1[""scene""] --> 2[""filter_color_purple""]
    2 --> 3[""unique""]
    3 --> 4[""same_size""]
    4 --> 5[""AND""]
    5 --> 6[""not_equal""]
    6 --> 7[""count""]
"
91,"
graph LR
    1[""scene""] --> 2[""filter_color_green""]
    2 --> 3[""filter_shape_sphere""]
    3 --> 4[""filter_material_metal""]
    4 --> 5[""filter_size_small""]
    5 --> 6[""count""]
"
92,"
graph LR
    1[""scene""] --> 2[""filter_material_metal""]
    2 --> 3[""filter_shape_sphere""]
    3 --> 4[""unique""]
    4 --> 5[""query_color""]
    5 --> 6[""same_color""]
    6 --> 7[""count""]
"
93,"
graph LR
    1[""scene""] --> 2[""filter_color_gray""]
    2 --> 3[""filter_material_metal""]
    3 --> 4[""unique""]
    1 --> 5[""filter_color_yellow""]
    4 --> 6[""same_shape""]
    5 --> 7[""filter_shape""]
    7 --> 8[""And""]
    6 --> 8
    8 --> 9[""count""]
"
94,"
graph LR
    1[""scene""] --> 2[""filter_size_large""]
    2 --> 3[""filter_color_green""]
    3 --> 4[""unique""]
    4 --> 5[""relate_in_front""]
    1 --> 6[""filter_color_purple""]
    6 --> 7[""filter_shape_cylinder""]
    7 --> 8[""unique""]
    8 --> 9[""relate_behind""]
    5 --> 10[""And""]
    9 --> 10
    10 --> 11[""filter_size_large""]
    11 --> 12[""count""]
"
95,"
graph LR
    1[""scene""] --> 2[""filter_material_metal""]
    2 --> 3[""filter_size_large""]
    3 --> 4[""filter_shape_cylinder""]
    4 --> 5[""unique""]
    5 --> 6[""query_color""]
    1 --> 7[""filter_size_large""]
    7 --> 8[""filter_material_rubber""]
    8 --> 9[""filter_material_metal""]
    9 --> 10[""filter_color""]
    10-.> 6
    10 --> 11[""OR""]
    7 --> 11
    11 --> 12[""count""]
    12 --> 13[""greater_than""]
    13-.> 0
"
96,"
graph LR
    1[""scene""] --> 2[""filter_size_large""]
    2 --> 3[""filter_shape_cylinder""]
    3 --> 4[""unique""]
    4 --> 5[""same_material""]
    5 --> 6[""exist""]
"
97,"
graph LR
    1[""scene""] --> 2[""filter_color_cyan""]
    2 --> 3[""unique""]
    3 --> 4[""same_material""]
    1 --> 5[""filter_size_small""]
    5 --> 6[""filter_color_green""]
    4 --> 7[""OR""]
    6 --> 7
    7 --> 8[""exist""]
"
98,"
graph LR
    1[""scene""] --> 2[""filter_size_small""]
    2 --> 3[""filter_color_green""]
    3 --> 4[""unique""]
    1 --> 5[""filter_size_large""]
    5 --> 6[""filter_shape_cylinder""]
    6 --> 7[""filter_color_yellow""]
    7 --> 8[""unique""]
    4 --> 9[""equal_material""]
    8 --> 9
"
99,"
graph LR
    1[""scene""] --> 2[""filter_color_yellow""]
    2 --> 3[""filter_material_metal""]
    3 --> 4[""filter_size_large""]
    4 --> 5[""unique""]
    5 --> 6[""relate_in_front""]
    6 --> 7[""filter_size_large""]
    7 --> 8[""count""]
    1 --> 9[""filter_color_red""]
    9 --> 10[""filter_shape_cylinder""]
    10 --> 11[""unique""]
    11 --> 12[""relate_in_front""]
    12 --> 13[""filter_size_large""]
    13 --> 14[""count""]
    8 --> 15[""equal_integer""]
    14 --> 15
"
100,"
graph LR
    1[""scene""] --> 2[""filter_size_small""]
    2 --> 3[""unique""]
    1 --> 4[""filter_color_red""]
    4 --> 5[""filter_material_rubber""]
    5 --> 6[""unique""]
    6 --> 7[""relate_behind""]
    3 --> 8[""relate_right""]
    7 --> 9[""And""]
    8 --> 9
    9 --> 10[""filter_color_purple""]
    10 --> 11[""query_material""]
"
101,"
graph LR
    1[""scene""] --> 2[""filter_color_yellow""]
    2 --> 3[""filter_size_large""]
    3 --> 4[""unique""]
    4 --> 5[""same_material""]
    5 --> 6[""filter_color_red""]
    6 --> 7[""query_size""]
"
102,"
graph LR
    1[""scene""] --> 2[""filter_color_cyan""]
    2 --> 3[""filter_size_large""]
    3 --> 4[""unique""]
    1 --> 5[""filter_color_gray""]
    5 --> 6[""unique""]
    6 --> 7[""same_shape""]
    7 --> 8[""relate_right""]
    4 --> 9[""relate_left""]
    8 --> 10[""And""]
    9 --> 10
    10 --> 11[""query_material""]
"
103,"
graph LR
    1[""scene""] --> 2[""filter_size_small""]
    2 --> 3[""filter_material_rubber""]
    3 --> 4[""unique""]
    4 --> 5[""relate_behind""]
    1 --> 6[""filter_size_large""]
    6 --> 7[""unique""]
    7 --> 8[""relate_in_front""]
    5 --> 8
    8 --> 9[""relate_left""]
    9 --> 10[""filter_shape_cylinder""]
    10 --> 11[""query_color""]
"
104,"
graph LR
    1[""scene""] --> 2[""filter_material_rubber""]
    2 --> 3[""filter_shape_cylinder""]
    3 --> 4[""unique""]
    4 --> 5[""relate_left""]
    1 --> 6[""filter_size_small""]
    6 --> 7[""filter_shape_sphere""]
    7 --> 8[""unique""]
    8 --> 9[""relate_right""]
    6 --> 10[""filter_color_red""]
    10 --> 11[""filter_size_small""]
    11 --> 12[""unique""]
    12 --> 13[""relate_right""]
    13 --> 14[""filter_shape_sphere""]
    14 --> 15[""unique""]
    15 --> 16[""query_material""]
"
105,"
graph LR
    1[""scene""] --> 2[""filter_color_brown""]
    2 --> 3[""filter_shape_cylinder""]
    3 --> 4[""unique""]
    4 --> 5[""relate_in_front""]
    1 --> 6[""filter_size_large""]
    6 --> 7[""filter_shape_cylinder""]
    7 --> 8[""unique""]
    8 --> 9[""relate_in_front""]
    5 --> 10[""OR""]
    9 --> 10
    10 --> 11[""filter_size_small""]
    11 --> 12[""count""]
"
106,"
graph LR
    1[""scene""] --> 2[""filter_size_small""]
    2 --> 3[""filter_color_cyan""]
    1 --> 4[""filter_size_small""]
    4 --> 5[""filter_shape_cube""]
    3 --> 6[""OR""]
    5 --> 6
    6 --> 7[""count""]
"
107,"
graph LR
    1[""scene""] --> 2[""filter_color_yellow""]
    2 --> 3[""filter_material_metal""]
    3 --> 4[""unique""]
    4 --> 5[""relate_right""]
    5 --> 6[""filter_shape_cylinder""]
    6 --> 7[""unique""]
    7 --> 8[""relate_in_front""]
    4 --> 9[""filter_size_large""]
    4 --> 10[""filter_color_purple""]
    4 --> 11[""filter_material_rubber""]
    9 --> 12[""filter""]
    10 --> 12
    11 --> 12
    12 --> 13[""And""]
    8 --> 13
    13 --> 14[""count""]
"
108,"
graph LR
    1[""scene""] --> 2[""filter_size_small""]
    2 --> 3[""filter_color_blue""]
    3 --> 4[""unique""]
    4 --> 5[""relate_behind""]
    1 --> 6[""filter_size_large""]
    1 --> 7[""filter_size_small""]
    7 --> 8[""filter_material_rubber""]
    8 --> 9[""filter_color_blue""]
    9 --> 10[""unique""]
    10 --> 11[""relate_behind""]
    11 --> 12[""filter_size_large""]
    5 --> 13[""OR""]
    12 --> 13
    13 --> 14[""count""]
"
109,"
graph LR
    1[""scene""] --> 2[""filter_color_brown""]
    1 --> 3[""filter_color_gray""]
    3 --> 4[""filter_size_large""]
    2 --> 5[""OR""]
    4 --> 5
    5 --> 6[""filter_shape_cylinder""]
    6 --> 7[""count""]
"
110,"
graph LR
    1[""scene""] --> 2[""filter_color_green""]
    2 --> 3[""filter_size_large""]
    3 --> 4[""unique""]
    4 --> 5[""relate_behind""]
    2 --> 6[""filter_shape_cylinder""]
    6 --> 7[""filter_size_large""]
    7 --> 8[""filter_color_green""]
    8 --> 9[""count""]
    1 --> 10[""filter_size_small""]
    10 --> 11[""filter_material_rubber""]
    11 --> 12[""unique""]
    12 --> 13[""relate_in_front""]
    1 --> 14[""filter_size_small""]
    14 --> 15[""filter_material_matte""]
    15 --> 16[""filter_shape_sphere""]
    16 --> 17[""count""]
    9 --> 18[""equal_integer""]
    17 --> 18
"
111,"
graph LR
    1[""scene""] --> 2[""filter_material_metal""]
    2 --> 3[""filter_shape_cube""]
    3 --> 4[""unique""]
    4 --> 5[""relate_in_front""]
    1 --> 6[""filter_color_green""]
    6 --> 7[""filter_shape_sphere""]
    7 --> 8[""unique""]
    8 --> 9[""relate_behind""]
    4 --> 10[""relate_behind""]
    2 --> 10
    6 --> 11[""filter_shape_sphere""]
    11 --> 12[""unique""]
    5 --> 12
    5 --> 13[""equal_material""]
    9 --> 13
"
112,"
graph LR
    1[""scene""] --> 2[""filter_size_small""]
    2 --> 3[""unique""]
    3 --> 4[""relate_right""]
    1 --> 5[""filter_color_green""]
    5 --> 6[""filter_material_rubber""]
    4 --> 6
    1 --> 7[""filter_color_blue""]
    7 --> 8[""filter_material_metal""]
    8 --> 9[""unique""]
    9 --> 10[""relate_behind""]
    9 --> 11[""filter_shape_sphere""]
    11 --> 12[""filter_material_metal""]
    10 --> 12
    6 --> 13[""count""]
    12 --> 14[""count""]
    13 --> 15[""less_than""]
    14 --> 15
"
113,"
graph LR
    1[""scene""] --> 2[""filter_size_small""]
    2 --> 3[""filter_color_blue""]
    3 --> 4[""filter_material_metal""]
    4 --> 5[""unique""]
    1 --> 6[""filter_color_gray""]
    6 --> 7[""filter_material_metal""]
    5 --> 8[""same_shape""]
    7 --> 9[""AND""]
    8 --> 9
    9 --> 10[""exist""]
"
114,"
graph LR
    1[""scene""] --> 2[""filter_size_small""]
    2 --> 3[""unique""]
    3 --> 4[""relate_behind""]
    4 --> 5[""filter_size_small""]
    1 --> 6[""filter_color_purple""]
    6 --> 7[""filter_material_metal""]
    7 --> 8[""count""]
    5 --> 8
    1 --> 9[""filter_size_large""]
    9 --> 10[""filter_color_red""]
    10 --> 11[""count""]
    8 --> 12[""less_than""]
    11 --> 12
"
115,"
graph LR
    1[""scene""] --> 2[""filter_size_small""]
    2 --> 3[""filter_color_red""]
    3 --> 4[""filter_material_rubber""]
    4 --> 5[""unique""]
    5 --> 6[""relate_in_front""]
    1 --> 7[""filter_color_brown""]
    7 --> 8[""filter_material_metal""]
    8 --> 9[""unique""]
    9 --> 10[""relate_left""]
    6 --> 10
    10 --> 11[""filter_shape_sphere""]
    11 --> 12[""filter_material_rubber""]
    12 --> 13[""unique""]
    13 --> 14[""query_size""]
"
116,"
graph LR
    1[""scene""] --> 2[""filter_color_cyan""]
    2 --> 3[""filter_material_metal""]
    3 --> 4[""filter_shape_cylinder""]
    4 --> 5[""query_size""]
"
117,"
graph LR
    1[""scene""] --> 2[""filter_material_metal""]
    2 --> 3[""filter_size_small""]
    3 --> 4[""unique""]
    4 --> 5[""relate_behind""]
    1 --> 6[""filter_size_large""]
    6 --> 7[""filter_material_rubber""]
    7 --> 8[""unique""]
    5 --> 9[""relate_in_front""]
    8 --> 9
    9 --> 10[""filter_size_large""]
    10 --> 11[""unique""]
    11 --> 12[""query_color""]
"
118,"
graph LR
    1[""scene""] --> 2[""filter_size_large""]
    2 --> 3[""unique""]
    3 --> 4[""relate_behind""]
    4 --> 5[""filter_shape_cube""]
    5 --> 6[""unique""]
    6 --> 7[""query_size""]
"
119,"
graph LR
    1[""scene""] --> 2[""filter_color_gray""]
    2 --> 3[""filter_shape_cylinder""]
    3 --> 4[""unique""]
    4 --> 5[""relate_behind""]
    5 --> 6[""unique""]
    6 --> 7[""relate_right""]
    7 --> 8[""filter_shape_cube""]
    8 --> 9[""unique""]
    9 --> 10[""query_size""]
"
120,"
graph LR
    1[""scene""] --> 2[""filter_color_green""]
    2 --> 3[""filter_material_metal""]
    3 --> 4[""filter_shape_cube""]
    4 --> 5[""unique""]
    5 --> 6[""same_size""]
    6 --> 7[""filter_color_cyan""]
    7 --> 8[""filter_material_rubber""]
    8 --> 9[""count""]
"
121,"
graph LR
    1[""scene""] --> 2[""filter_material_metal""]
    2 --> 3[""filter_shape_sphere""]
    3 --> 4[""filter_size_large""]
    4 --> 5[""unique""]
    5 --> 6[""relate_left""]
    6 --> 7[""filter_size_small""]
    7 --> 8[""filter_material_metal""]
    6 --> 9[""filter_shape_cube""]
    8 --> 10[""Or""]
    9 --> 10
    10 --> 11[""count""]
"
122,"
graph LR
    1[""scene""] --> 2[""filter_color_purple""]
    2 --> 3[""filter_material_rubber""]
    3 --> 4[""filter_shape_cylinder""]
    4 --> 5[""unique""]
    5 --> 6[""relate_left""]
    1 --> 7[""filter_size_small""]
    7 --> 8[""filter_color_purple""]
    6 --> 8
    8 --> 9[""count""]
"
123,"
graph LR
    1[""scene""] --> 2[""filter_color_brown""]
    2 --> 3[""filter_material_metal""]
    3 --> 4[""unique""]
    4 --> 5[""relate_behind""]
    1 --> 6[""filter_color_brown""]
    5 --> 7[""OR""]
    6 --> 7
    7 --> 8[""count""]
"
124,"
graph LR
    1[""scene""] --> 2[""filter_color_yellow""]
    2 --> 3[""filter_shape_cylinder""]
    3 --> 4[""unique""]
    4 --> 5[""same_material""]
    5 --> 6[""count""]
"
125,"
graph LR
    1[""scene""] --> 2[""filter_color_cyan""]
    2 --> 3[""filter_material_metal""]
    3 --> 4[""unique""]
    4 --> 5[""relate_right""]
    1 --> 6[""filter_color_cyan""]
    6 --> 7[""unique""]
    7 --> 8[""relate_right""]
    8 --> 9[""filter_size_small""]
    9 --> 10[""count""]
    1 --> 11[""filter_color_yellow""]
    11 --> 12[""filter_shape_sphere""]
    12 --> 13[""filter_material_rubber""]
    13 --> 14[""relate_in_front""]
    14 --> 15[""filter_size_large""]
    15 --> 16[""count""]
    10 --> 17[""greater_than""]
    16 --> 17
"
126,"
graph LR
    1[""scene""] --> 2[""filter_material_metal""]
    2 --> 3[""unique""]
    3 --> 4[""relate_left""]
    4 --> 5[""filter_size_large""]
    5 --> 6[""filter_material_matte""]
    1 --> 7[""filter_color_green""]
    7 --> 8[""filter_size_large""]
    8 --> 9[""filter_shape_cube""]
    6 --> 10[""count""]
    10 --> 11[""equal_integer""]
    9 --> 12[""count""]
    11 --> 12
"
127,"
graph LR
    1[""scene""] --> 2[""filter_color_blue""]
    2 --> 3[""filter_size_large""]
    3 --> 4[""unique""]
    4 --> 5[""relate_behind""]
    1 --> 6[""filter_shape_cylinder""]
    6 --> 7[""filter_size_large""]
    7 --> 8[""unique""]
    8 --> 9[""relate_behind""]
    5 --> 10[""unique""]
    9 --> 10
    10 --> 11[""equal_material""]
"
128,"
graph LR
    1[""scene""] --> 2[""filter_color_purple""]
    2 --> 3[""filter_size_small""]
    3 --> 4[""unique""]
    4 --> 5[""relate_in_front""]
    1 --> 6[""filter_size_small""]
    6 --> 7[""unique""]
    5 --> 7
    1 --> 8[""filter_color_yellow""]
    8 --> 9[""unique""]
    9 --> 10[""equal_material""]
    7 --> 10
"
129,"
graph LR
    1[""scene""] --> 2[""filter_color_cyan""]
    2 --> 3[""filter_shape""]
    3 --> 4[""unique""]
    4 --> 5[""same_shape""]
    5 --> 6[""exist""]
"
130,"
graph LR
    1[""scene""] --> 2[""filter_color_brown""]
    2 --> 3[""filter_material_rubber""]
    3 --> 4[""query_shape""]
"
131,"
graph LR
    1[""scene""] --> 2[""filter_color_yellow""]
    2 --> 3[""filter_shape_sphere""]
    3 --> 4[""unique""]
    4 --> 5[""relate_in_front""]
    5 --> 6[""filter_size_large""]
    6 --> 7[""filter_material_rubber""]
    7 --> 8[""unique""]
    1 --> 9[""filter_color_yellow""]
    9 --> 10[""filter_shape_sphere""]
    10 --> 11[""relate_behind""]
    11 --> 12[""filter_size_large""]
    12 --> 13[""filter_material_rubber""]
    13 --> 14[""unique""]
    8 --> 15[""equal_to""]
    14 --> 15
    15 --> 16[""query_color""]
"
132,"
graph LR
    1[""scene""] --> 2[""filter_color_brown""]
    2 --> 3[""filter_material_metal""]
    3 --> 4[""unique""]
    4 --> 5[""same_size""]
    5 --> 6[""And""]
    2 --> 6
    6 --> 7[""query_color""]
"
133,"
graph LR
    1[""scene""] --> 2[""filter_color_purple""]
    2 --> 3[""filter_material_metal""]
    3 --> 4[""filter_size_small""]
    4 --> 5[""unique""]
    5 --> 6[""relate_in_front""]
    1 --> 7[""filter_color_yellow""]
    7 --> 8[""filter_shape_cylinder""]
    8 --> 9[""unique""]
    9 --> 10[""relate_behind""]
    6 --> 10
    10 --> 11[""query_material""]
    11 --> 12[""query_color""]
    12 --> 13[""filter_material_rubber""]
    13 --> 14[""filter_color_purple""]
    14 --> 15[""query_size""]
"
134,"
graph LR
    1[""scene""] --> 2[""filter_color_gray""]
    2 --> 3[""filter_shape_cylinder""]
    3 --> 4[""query_size""]
"
135,"
graph LR
    1[""scene""] --> 2[""filter_color_gray""]
    2 --> 3[""filter_shape_cylinder""]
    2 --> 4[""filter_material_metal""]
    4 --> 5[""filter_shape_sphere""]
    3 --> 6[""OR""]
    5 --> 6
    6 --> 7[""count""]
"
136,"
graph LR
    1[""scene""] --> 2[""filter_material_metal""]
    2 --> 3[""filter_shape_cylinder""]
    3 --> 4[""unique""]
    4 --> 5[""same_color""]
    5 --> 6[""count""]
"
137,"
graph LR
    1[""scene""] --> 2[""filter_size_large""]
    2 --> 3[""filter_shape_sphere""]
    3 --> 4[""unique""]
    4 --> 5[""same_color""]
    1 --> 6[""filter_color_blue""]
    6 --> 7[""filter_size_large""]
    7 --> 8[""filter_material_rubber""]
    8 --> 9[""OR""]
    2 --> 9
    9 --> 5
    5 --> 10[""count""]
"
138,"
graph LR
    1[""scene""] --> 2[""filter_color_cyan""]
    2 --> 3[""filter_shape_cube""]
    1 --> 4[""filter_color_red""]
    4 --> 5[""filter_size_large""]
    3 --> 6[""OR""]
    5 --> 6
    6 --> 7[""count""]
"
139,"
graph LR
    1[""scene""] --> 2[""filter_size_large""]
    2 --> 3[""filter_color_blue""]
    3 --> 4[""unique""]
    4 --> 5[""same_material""]
    1 --> 6[""scene""]
    6 --> 7[""unique""]
    7 --> 8[""AND""]
    5 --> 8
    7 --> 9[""not""]
    8 --> 10[""count""]
"
140,"
graph LR
    1[""scene""] --> 2[""filter_shape_cylinder""]
    2 --> 3[""filter_size_large""]
    3 --> 4[""unique""]
    4 --> 5[""relate_in_front""]
    1 --> 6[""filter_material_metal""]
    6 --> 7[""filter_shape_sphere""]
    7 --> 8[""filter_size_large""]
    8 --> 9[""unique""]
    9 --> 10[""relate_in_front""]
    5 --> 11[""filter_color_red""]
    11 --> 12[""filter_size_small""]
    10 --> 11
    12 --> 13[""count""]
    5 --> 14[""count""]
    13 --> 15[""greater_than""]
    14 --> 15
"
141,"
graph LR
    1[""scene""] --> 2[""filter_color_yellow""]
    2 --> 3[""filter_size_large""]
    3 --> 4[""unique""]
    4 --> 5[""relate_in_front""]
    1 --> 6[""filter_shape_cube""]
    5 --> 6
    6 --> 7[""unique""]
    1 --> 8[""filter_color_brown""]
    8 --> 9[""unique""]
    9 --> 10[""relate_behind""]
    1 --> 11[""filter_size_large""]
    10 --> 11
    11 --> 12[""unique""]
    7 --> 13[""query_material""]
    12 --> 14[""query_material""]
    13 --> 15[""equal_material""]
    14 --> 15
"
142,"
graph LR
    1[""scene""] --> 2[""filter_color_yellow""]
    2 --> 3[""filter_shape_sphere""]
    3 --> 4[""unique""]
    1 --> 5[""filter_color_yellow""]
    5 --> 6[""filter_shape_cube""]
    6 --> 7[""unique""]
    4 --> 8[""equal_size""]
    7 --> 9[""equal_size""]
    8 --> 10[""And""]
    9 --> 10
    10 --> 11[""equal_size""]
"
143,"
graph LR
    1[""scene""] --> 2[""filter_size_small""]
    2 --> 3[""filter_color_green""]
    3 --> 4[""filter_material_metal""]
    4 --> 5[""unique""]
    1 --> 6[""filter_color_green""]
    6 --> 7[""unique""]
    7 --> 8[""relate_in_front""]
    8 --> 9[""filter_size_large""]
    9 --> 10[""filter_material_rubber""]
    10 --> 11[""unique""]
    5 --> 12[""equal_shape""]
    11 --> 12
"
144,"
graph LR
    1[""scene""] --> 2[""filter_color_green""]
    2 --> 3[""unique""]
    3 --> 4[""relate_behind""]
    4 --> 5[""filter_shape_cylinder""]
    1 --> 6[""filter_color_yellow""]
    6 --> 7[""filter_size_large""]
    7 --> 8[""unique""]
    8 --> 9[""relate_left""]
    9 --> 10[""filter_material_metal""]
    10 --> 11[""unique""]
    5 --> 12[""query_color""]
    11 --> 13[""query_color""]
    12 --> 14[""equal_color""]
    13 --> 14
"
145,"
graph LR
    1[""scene""] --> 2[""filter_size_large""]
    2 --> 3[""filter_material_metal""]
    3 --> 4[""filter_shape_cube""]
    4 --> 5[""unique""]
    5 --> 6[""query_color""]
"
146,"
graph LR
    1[""scene""] --> 2[""filter_size_small""]
    2 --> 3[""filter_material_metal""]
    3 --> 4[""filter_shape_sphere""]
    4 --> 5[""unique""]
    5 --> 6[""same_color""]
    1 --> 7[""filter_material_rubber""]
    6 --> 8[""AND""]
    7 --> 8
    8 --> 9[""query_shape""]
"
147,"
graph LR
    1[""scene""] --> 2[""filter_color_gray""]
    2 --> 3[""filter_shape_cube""]
    3 --> 4[""relate_in_front""]
    4 --> 5[""filter_shape_sphere""]
    5 --> 6[""unique""]
    1 --> 7[""filter_size_small""]
    7 --> 8[""filter_shape""]
    8 --> 9[""unique""]
    6 --> 10[""relate_right""]
    10 --> 11[""filter_size_small""]
    11 --> 12[""filter_material_rubber""]
    12 --> 13[""unique""]
    9 --> 14[""relate_right""]
    14 --> 15[""filter_size_small""]
    15 --> 16[""filter_material_rubber""]
    16 --> 17[""unique""]
    13 --> 18[""query_shape""]
"
148,"
graph LR
    1[""scene""] --> 2[""filter_color_brown""]
    2 --> 3[""filter_material_rubber""]
    3 --> 4[""unique""]
    1 --> 5[""filter_size_small""]
    5 --> 6[""unique""]
    4 --> 7[""relate_behind""]
    6 --> 8[""And""]
    7 --> 8
    8 --> 9[""query_material""]
"
149,"
graph LR
    1[""scene""] --> 2[""filter_color_blue""]
    2 --> 3[""filter_material_metal""]
    3 --> 4[""unique""]
    4 --> 5[""relate_behind""]
    5 --> 6[""filter_size_large""]
    6 --> 7[""filter_material_rubber""]
    7 --> 8[""filter_color_red""]
    8 --> 9[""unique""]
    9 --> 10[""relate_right""]
    10 --> 11[""filter_material_rubber""]
    11 --> 12[""filter_color_red""]
    12 --> 13[""unique""]
    13 --> 14[""relate_left""]
    14 --> 15[""filter_size_small""]
    5 --> 16[""query_color""]
    16 --> 17[""equal_integer""]
    17 --> 18[""shiny""]
    18 --> 19[""query_shape""]
"
150,"
graph LR
    1[""scene""] --> 2[""filter_color_brown""]
    2 --> 3[""unique""]
    3 --> 4[""same_material""]
    4 --> 5[""filter_color_gray""]
    5 --> 6[""filter_shape_cylinder""]
    6 --> 7[""count""]
"
151,"
graph LR
    1[""scene""] --> 2[""filter_size_small""]
    2 --> 3[""filter_shape_sphere""]
    3 --> 4[""unique""]
    4 --> 5[""relate_in_front""]
    1 --> 6[""filter_size_small""]
    1 --> 7[""filter_color_green""]
    7 --> 8[""filter_shape_cube""]
    5 --> 9[""And""]
    8 --> 9
    9 --> 10[""OR""]
    6 --> 11[""filter_material_metal""]
    11 --> 12[""filter_shape_sphere""]
    12 --> 13[""OR""]
    10 --> 13
    13 --> 14[""count""]
"
152,"
graph LR
    1[""scene""] --> 2[""filter_color_brown""]
    2 --> 3[""filter_shape_cylinder""]
    3 --> 4[""unique""]
    4 --> 5[""relate_behind""]
    1 --> 6[""filter_color_brown""]
    6 --> 7[""filter_shape_sphere""]
    7 --> 8[""filter_size_small""]
    8 --> 9[""relate_behind""]
    9 --> 10[""OR""]
    5 --> 10
    10 --> 11[""filter_size_small""]
    11 --> 12[""filter_material_metal""]
    12 --> 13[""filter_shape_cylinder""]
    13 --> 14[""count""]
"
153,"
graph LR
    1[""scene""] --> 2[""filter_color_gray""]
    2 --> 3[""unique""]
    3 --> 4[""relate_right""]
    1 --> 5[""filter_color_cyan""]
    5 --> 6[""filter_material_metal""]
    6 --> 7[""filter_size_small""]
    4 --> 8[""OR""]
    7 --> 8
    8 --> 9[""count""]
"
154,"
graph LR
    1[""scene""] --> 2[""filter_size_small""]
    2 --> 3[""unique""]
    3 --> 4[""filter_material_rubber""]
    4 --> 5[""filter_shape_sphere""]
    5 --> 6[""unique""]
    6 --> 7[""query_color""]
    7 --> 8[""same_color""]
    8 --> 9[""filter_material_rubber""]
    9 --> 10[""count""]
"
155,"
graph LR
    1[""scene""] --> 2[""filter_material_metal""]
    2 --> 3[""unique""]
    3 --> 4[""relate_behind""]
    4 --> 5[""filter_material_metal""]
    5 --> 6[""relate_in_front""]
    6 --> 7[""filter_color_blue""]
    7 --> 8[""exist""]
"
156,"
graph LR
    1[""scene""] --> 2[""filter_color_green""]
    2 --> 3[""filter_material_metal""]
    3 --> 4[""filter_size_large""]
    4 --> 5[""unique""]
    1 --> 6[""filter_shape_cube""]
    6 --> 7[""filter_material_rubber""]
    7 --> 8[""filter_size_large""]
    8 --> 9[""unique""]
    5 --> 10[""relate_left""]
    2 --> 11[""filter_shape_cylinder""]
    11 --> 12[""filter_size_large""]
    10 --> 12
    12 --> 13[""equal_color""]
    13 --> 14[""query_color""]
    14 --> 15[""equal_color""]
"
157,"
graph LR
    1[""scene""] --> 2[""filter_color_green""]
    2 --> 3[""filter_shape_cube""]
    3 --> 4[""unique""]
    1 --> 5[""filter_color_yellow""]
    5 --> 6[""unique""]
    4 --> 7[""equal_size""]
    6 --> 7
"
158,"
graph LR
    1[""scene""] --> 2[""filter_size_large""]
    2 --> 3[""filter_material_metal""]
    3 --> 4[""filter_color_brown""]
    4 --> 5[""unique""]
    5 --> 6[""relate_behind""]
    5 --> 7[""filter_shape_cylinder""]
    7 --> 8[""filter_size_large""]
    8 --> 9[""query_shiny""]
    1 --> 10[""filter_size_large""]
    10 --> 11[""filter_color_brown""]
    11 --> 12[""filter_shape_sphere""]
    12 --> 13[""unique""]
    13 --> 14[""relate_right""]
    13 --> 15[""filter_shape_ball""]
    15 --> 16[""unique""]
    9 --> 17[""query_color""]
    16 --> 18[""query_color""]
    17 --> 19[""equal_color""]
    18 --> 19
"
159,"
graph LR
    1[""scene""] --> 2[""filter_color_red""]
    2 --> 3[""filter_material_rubber""]
    3 --> 4[""unique""]
    4 --> 5[""relate_right""]
    5 --> 6[""filter_color_brown""]
    6 --> 7[""unique""]
    1 --> 8[""filter_color_cyan""]
    8 --> 9[""unique""]
    7 --> 10[""equal_shape""]
    9 --> 10
"
160,"
graph LR
    1[""scene""] --> 2[""filter_color_gray""]
    2 --> 3[""filter_shape_cylinder""]
    3 --> 4[""unique""]
    4 --> 5[""same_material""]
    5 --> 6[""filter_size_small""]
    6 --> 7[""unique""]
    7 --> 8[""query_color""]
"
161,"
graph LR
    1[""scene""] --> 2[""filter_size_small""]
    2 --> 3[""filter_color_gray""]
    3 --> 4[""unique""]
    4 --> 5[""relate_right""]
    1 --> 6[""filter_size_small""]
    6 --> 7[""filter_material_metal""]
    7 --> 8[""filter_color_brown""]
    8 --> 9[""unique""]
    9 --> 10[""relate_left""]
    5 --> 11[""filter_size_small""]
    11 --> 12[""filter_material_metal""]
    12 --> 13[""unique""]
    13 --> 14[""query_color""]
"
162,"
graph LR
    1[""scene""] --> 2[""filter_color_gray""]
    2 --> 3[""filter_size_small""]
    3 --> 4[""unique""]
    4 --> 5[""same_shape""]
    5 --> 6[""filter_material_metal""]
    6 --> 7[""filter_color_brown""]
    7 --> 8[""unique""]
    8 --> 9[""query_size""]
"
163,"
graph LR
    1[""scene""] --> 2[""filter_color_yellow""]
    2 --> 3[""filter_material_metal""]
    3 --> 4[""unique""]
    4 --> 5[""relate_behind""]
    1 --> 6[""filter_material_metal""]
    5 --> 7[""And""]
    6 --> 7
    7 --> 8[""filter_shape""]
    8 --> 9[""unique""]
    9 --> 10[""query_color""]
"
164,"
graph LR
    1[""scene""] --> 2[""filter_material_metal""]
    2 --> 3[""filter_size_large""]
    3 --> 4[""unique""]
    4 --> 5[""same_color""]
    5 --> 6[""query_material""]
"
165,"
graph LR
    1[""scene""] --> 2[""filter_color_brown""]
    2 --> 3[""filter_shape_cube""]
    3 --> 4[""unique""]
    4 --> 5[""same_material""]
    5 --> 6[""count""]
"
166,"
graph LR
    1[""scene""] --> 2[""filter_size_large""]
    2 --> 3[""And""]
    4[""filter_material_metal""] --> 3
    5[""filter_shape_sphere""] --> 3
    1 --> 6[""filter_color_cyan""]
    3 --> 7[""And""]
    6 --> 7
    7 --> 8[""count""]
"
167,"
graph LR
    1[""scene""] --> 2[""filter_color_gray""]
    2 --> 3[""filter_shape_cylinder""]
    3 --> 4[""unique""]
    4 --> 5[""same_size""]
    5 --> 6[""count""]
"
168,"
graph LR
    1[""scene""] --> 2[""filter_size_large""]
    2 --> 3[""filter_shape_sphere""]
    3 --> 4[""unique""]
    1 --> 5[""filter_size_large""]
    5 --> 6[""filter_material_metal""]
    6 --> 7[""filter_shape_sphere""]
    7 --> 8[""unique""]
    1 --> 9[""filter_color_purple""]
    9 --> 10[""filter_material_rubber""]
    10 --> 11[""relate_behind""]
    8 --> 11
    11 --> 12[""Or""]
    4 --> 13[""relate_behind""]
    5 --> 13
    13 --> 14[""filter_size_large""]
    14 --> 15[""filter_shape_sphere""]
    12 --> 16[""count""]
    15 --> 16
"
169,"
graph LR
    1[""scene""] --> 2[""filter_color_brown""]
    2 --> 3[""filter_material_metal""]
    3 --> 4[""filter_size_small""]
    4 --> 5[""unique""]
    5 --> 6[""relate_behind""]
    1 --> 7[""filter_color_yellow""]
    7 --> 8[""filter_size_large""]
    8 --> 9[""OR""]
    6 --> 9
    1 --> 10[""filter_size_large""]
    10 --> 11[""OR""]
    9 --> 11
    11 --> 12[""count""]
"
170,"
graph LR
    1[""scene""] --> 2[""filter_color_blue""]
    2 --> 3[""filter_shape_sphere""]
    3 --> 4[""unique""]
    4 --> 5[""same_shape""]
    5 --> 6[""filter_color_cyan""]
    5 --> 7[""filter_size_large""]
    6 --> 8[""And""]
    7 --> 8
    8 --> 9[""exist""]
"
171,"
graph LR
    1[""scene""] --> 2[""filter_size_small""]
    2 --> 3[""filter_shape_cylinder""]
    3 --> 4[""unique""]
    4 --> 5[""relate_right""]
    1 --> 6[""filter_material_rubber""]
    5 --> 7[""unique""]
    7 --> 8[""filter_color_blue""]
    8 --> 9[""unique""]
    9 --> 10[""equal_shape""]
    7 --> 10
"
172,"
graph LR
    1[""scene""] --> 2[""filter_color_cyan""]
    2 --> 3[""filter_shape_cylinder""]
    3 --> 4[""unique""]
    4 --> 5[""same_size""]
    5 --> 6[""exist""]
"
173,"
graph LR
    1[""scene""] --> 2[""filter_size_small""]
    2 --> 3[""filter_material_metal""]
    3 --> 4[""filter_shape_sphere""]
    4 --> 5[""unique""]
    5 --> 6[""relate_in_front""]
    1 --> 7[""filter_size_small""]
    7 --> 8[""filter_material_metal""]
    6 --> 9[""filter_size_small""]
    9 --> 10[""filter_material_metal""]
    10 --> 11[""unique""]
    5 --> 12[""equal_color""]
    11 --> 12
"
174,"
graph LR
    1[""scene""] --> 2[""filter_color_purple""]
    2 --> 3[""filter_material_rubber""]
    3 --> 4[""unique""]
    4 --> 5[""relate_left""]
    1 --> 6[""filter_color_purple""]
    6 --> 7[""filter_material_rubber""]
    5 --> 8[""filter_color_purple""]
    8 --> 9[""unique""]
    4 --> 10[""relate_behind""]
    10 --> 11[""filter_material_rubber""]
    9 --> 12[""equal_size""]
    11 --> 12
"
175,"
graph LR
    1[""scene""] --> 2[""filter_color_green""]
    2 --> 3[""filter_shape_cylinder""]
    3 --> 4[""unique""]
    1 --> 5[""filter_color_red""]
    5 --> 6[""filter_size_small""]
    6 --> 7[""unique""]
    4 --> 8[""relate_in_front""]
    7 --> 9[""relate_left""]
    8 --> 10[""And""]
    9 --> 10
    10 --> 11[""unique""]
    11 --> 12[""query_size""]
"
176,"
graph LR
    1[""scene""] --> 2[""filter_color_cyan""]
    2 --> 3[""filter_size_small""]
    3 --> 4[""unique""]
    4 --> 5[""same_material""]
    1 --> 6[""filter_color_brown""]
    6 --> 7[""filter_size_large""]
    7 --> 8[""unique""]
    5 --> 9[""equal_material""]
    9 --> 8
    8 --> 10[""query_shape""]
"
177,"
graph LR
    1[""scene""] --> 2[""filter_color_red""]
    2 --> 3[""filter_material_metal""]
    3 --> 4[""unique""]
    4 --> 5[""query_size""]
"
178,"
graph LR
    1[""scene""] --> 2[""filter_size_small""]
    2 --> 3[""unique""]
    1 --> 4[""filter_color_brown""]
    4 --> 5[""filter_material_matte""]
    5 --> 6[""filter_shape_cylinder""]
    6 --> 7[""unique""]
    3 --> 8[""relate_left""]
    8 --> 9[""relate_behind""]
    9 --> 10[""filter_material_metal""]
    10 --> 11[""filter_size_large""]
    11 --> 12[""unique""]
    12 --> 13[""query_shape""]
"
179,"
graph LR
    1[""scene""] --> 2[""filter_size_large""]
    2 --> 3[""filter_shape_cylinder""]
    3 --> 4[""unique""]
    4 --> 5[""query_color""]
    1 --> 6[""filter_size_large""]
    6 --> 7[""filter_material_metal""]
    1 --> 8[""filter_color""]
    5 --> 8
    8 --> 9[""same_color""]
    9 --> 10[""query_shape""]
"
180,"
graph LR
    1[""scene""] --> 2[""filter_color_blue""]
    2 --> 3[""filter_size_small""]
    3 --> 4[""unique""]
    4 --> 5[""relate_left""]
    5 --> 6[""filter_color_blue""]
    6 --> 7[""relate_left""]
    7 --> 8[""filter_material_metal""]
    8 --> 9[""filter_size_large""]
    9 --> 10[""relate_behind""]
    10 --> 11[""filter_material_metal""]
    11 --> 12[""count""]
"
181,"
graph LR
    1[""scene""] --> 2[""filter_size_large""]
    2 --> 3[""filter_shape_cube""]
    3 --> 4[""unique""]
    4 --> 5[""relate_behind""]
    5 --> 6[""filter_material_metal""]
    1 --> 7[""relate_in_front""]
    7 --> 8[""filter_material_metal""]
    8 --> 9[""filter_shape_cylinder""]
    6 --> 10[""count""]
    9 --> 10
"
182,"
graph LR
    1[""scene""] --> 2[""filter_color_cyan""]
    2 --> 3[""filter_shape_cylinder""]
    3 --> 4[""filter_material_metal""]
    4 --> 5[""unique""]
    5 --> 6[""relate_behind""]
    1 --> 7[""filter_color_brown""]
    6 --> 7
    7 --> 8[""count""]
"
183,"
graph LR
    1[""scene""] --> 2[""filter_size_small""]
    2 --> 3[""filter_color_purple""]
    3 --> 4[""filter_material_metal""]
    4 --> 5[""unique""]
    1 --> 6[""filter_material_rubber""]
    6 --> 7[""filter_shape_sphere""]
    7 --> 8[""unique""]
    8 --> 9[""relate_left""]
    5 --> 10[""relate_behind""]
    9 --> 11[""And""]
    10 --> 11
    11 --> 12[""filter_size_large""]
    12 --> 13[""filter_material_metal""]
    13 --> 14[""filter_shape_cylinder""]
    14 --> 15[""count""]
"
184,"
graph LR
    1[""scene""] --> 2[""filter_color_purple""]
    2 --> 3[""filter_shape_cylinder""]
    3 --> 4[""filter_size_large""]
    4 --> 5[""unique""]
    5 --> 6[""same_material""]
    6 --> 7[""count""]
"
185,"
graph LR
    1[""scene""] --> 2[""filter_size_small""]
    2 --> 3[""filter_color_blue""]
    3 --> 4[""unique""]
    1 --> 5[""filter_size_small""]
    5 --> 6[""filter_color_blue""]
    6 --> 7[""relate_left""]
    7 --> 8[""filter_size_small""]
    8 --> 9[""filter_material_metal""]
    9 --> 10[""filter_shape_cylinder""]
    10 --> 11[""unique""]
    1 --> 12[""filter_size_large""]
    12 --> 13[""filter_color_gray""]
    13 --> 14[""unique""]
    14 --> 15[""relate_in_front""]
    15 --> 16[""filter_material_rubber""]
    16 --> 17[""unique""]
    11 --> 18[""query_color""]
    17 --> 19[""query_color""]
    18 --> 20[""equal_color""]
    19 --> 20
"
186,"
graph LR
    1[""scene""] --> 2[""filter_color_brown""]
    2 --> 3[""filter_shape_sphere""]
    3 --> 4[""unique""]
    4 --> 5[""relate_in_front""]
    1 --> 6[""filter_color_cyan""]
    5 --> 7[""filter_shape_cylinder""]
    7 --> 8[""unique""]
    8 --> 9[""equal_material""]
    1 --> 10[""filter_size_small""]
    10 --> 11[""filter_material_rubber""]
    11 --> 12[""unique""]
    12 --> 13[""relate_behind""]
    1 --> 14[""filter_size_small""]
    14 --> 15[""unique""]
    13 --> 16[""equal_material""]
    9 --> 17[""Or""]
    16 --> 17
"
187,"
graph LR
    1[""scene""] --> 2[""filter_shape_cylinder""]
    2 --> 3[""filter_color_yellow""]
    3 --> 4[""filter_material_metal""]
    4 --> 5[""unique""]
    5 --> 6[""different_from""]
    6 --> 7[""same_size""]
    7 --> 8[""exist""]
"
188,"
graph LR
    1[""scene""] --> 2[""filter_color_yellow""]
    2 --> 3[""filter_size_large""]
    3 --> 4[""unique""]
    4 --> 5[""relate_in_front""]
    1 --> 6[""filter_size_large""]
    6 --> 7[""filter_material_metal""]
    7 --> 8[""unique""]
    5 --> 9[""equal_shape""]
    4 --> 10[""equal_shape""]
    10 --> 11[""NOT""]
    9 --> 11
"
189,"
graph LR
    1[""scene""] --> 2[""filter_size_small""]
    2 --> 3[""filter_color_brown""]
    3 --> 4[""filter_material_metal""]
    4 --> 5[""filter_shape_cylinder""]
    5 --> 6[""count""]
    1 --> 7[""filter_size_small""]
    7 --> 8[""filter_material_metal""]
    8 --> 9[""filter_shape_sphere""]
    9 --> 10[""count""]
    6 --> 11[""less_than""]
    10 --> 11
"
190,"
graph LR
    1[""scene""] --> 2[""filter_color_red""]
    2 --> 3[""filter_shape_sphere""]
    3 --> 4[""unique""]
    4 --> 5[""same_size""]
    5 --> 6[""filter_color_brown""]
    6 --> 7[""unique""]
    7 --> 8[""query_shape""]
"
191,"
graph LR
    1[""scene""] --> 2[""filter_material_metal""]
    2 --> 3[""filter_shape_cylinder""]
    3 --> 4[""unique""]
    4 --> 5[""relate_left""]
    5 --> 6[""filter_color_purple""]
    6 --> 7[""unique""]
    7 --> 8[""query_material""]
"
192,"
graph LR
    1[""scene""] --> 2[""filter_color_cyan""]
    2 --> 3[""unique""]
    3 --> 4[""same_shape""]
    4 --> 5[""filter_material_rubber""]
    5 --> 6[""query_size""]
"
193,"
graph LR
    1[""scene""] --> 2[""filter_color_green""]
    2 --> 3[""filter_shape_sphere""]
    3 --> 4[""unique""]
    4 --> 5[""query_size""]
"
194,"
graph LR
    1[""scene""] --> 2[""filter_size_large""]
    2 --> 3[""filter_color_blue""]
    3 --> 4[""filter_material_metal""]
    4 --> 5[""unique""]
    5 --> 6[""relate_left""]
    1 --> 7[""filter_size_small""]
    7 --> 8[""filter_color_gray""]
    8 --> 9[""filter_material_rubber""]
    9 --> 10[""unique""]
    6 --> 11[""relate_in_front""]
    10 --> 12[""filter_size_small""]
    12 --> 13[""filter_color_gray""]
    13 --> 14[""unique""]
    14 --> 15[""query_material""]
"
195,"
graph LR
    1[""scene""] --> 2[""filter_color_purple""]
    2 --> 3[""filter_size_small""]
    3 --> 4[""filter_shape_sphere""]
    4 --> 5[""filter_material_metal""]
    1 --> 6[""filter_size_small""]
    6 --> 7[""filter_material_metal""]
    5 --> 8[""Or""]
    7 --> 8
    8 --> 9[""count""]
"
196,"
graph LR
    1[""scene""] --> 2[""filter_color_blue""]
    2 --> 3[""count""]
    1 --> 4[""filter_color_yellow""]
    4 --> 5[""filter_material_metal""]
    5 --> 6[""filter_shape_cube""]
    6 --> 7[""count""]
    3 --> 8[""Or""]
    7 --> 8
    8 --> 9[""count""]
"
197,"
graph LR
    1[""scene""] --> 2[""filter_color_yellow""]
    2 --> 3[""unique""]
    3 --> 4[""same_shape""]
    4 --> 5[""count""]
"
198,"
graph LR
    1[""scene""] --> 2[""filter_color_gray""]
    2 --> 3[""filter_material_metal""]
    3 --> 4[""unique""]
    4 --> 5[""relate_right""]
    1 --> 6[""filter_material_rubber""]
    5 --> 7[""filter_material_rubber""]
    7 --> 8[""OR""]
    6 --> 8
    8 --> 9[""count""]
"
199,"
graph LR
    1[""scene""] --> 2[""filter_shape_sphere""]
    2 --> 3[""filter_material_metal""]
    3 --> 4[""filter_size_large""]
    4 --> 5[""unique""]
    5 --> 6[""query_color""]
    6 --> 7[""same_color""]
    7 --> 8[""filter_shape_sphere""]
    8 --> 9[""filter_material_metal""]
    9 --> 10[""filter_size_large""]
    10 --> 11[""count""]
    7 --> 11
"
200,"
graph LR
    1[""scene""] --> 2[""filter_size_small""]
    2 --> 3[""unique""]
    1 --> 4[""filter_color_blue""]
    4 --> 5[""filter_shape_sphere""]
    5 --> 6[""unique""]
    6 --> 7[""relate_in_front""]
    1 --> 8[""filter_shape_cube""]
    8 --> 9[""unique""]
    9 --> 10[""relate_in_front""]
    10 --> 11[""filter_size_small""]
    11 --> 12[""unique""]
    7 --> 13[""filter_size_large""]
    13 --> 14[""filter_shape_sphere""]
    14 --> 15[""unique""]
    3 --> 16[""equal_material""]
    12 --> 16
"
201,"
graph LR
    1[""scene""] --> 2[""filter_size_large""]
    2 --> 3[""filter_shape_sphere""]
    3 --> 4[""unique""]
    4 --> 5[""relate_right""]
    1 --> 6[""filter_size_large""]
    6 --> 7[""filter_shape_cube""]
    7 --> 8[""unique""]
    8 --> 9[""filter_color_green""]
    9 --> 10[""unique""]
    10 --> 11[""query_material""]
    5 --> 12[""query_material""]
    11 --> 13[""equal_material""]
    12 --> 13
"
202,"
graph LR
    1[""scene""] --> 2[""filter_size_small""]
    2 --> 3[""filter_color_blue""]
    3 --> 4[""unique""]
    1 --> 5[""filter_color_gray""]
    5 --> 6[""filter_shape_cube""]
    6 --> 7[""unique""]
    4 --> 8[""equal_material""]
    7 --> 8
"
203,"
graph LR
    1[""scene""] --> 2[""filter_color_green""]
    2 --> 3[""filter_material_metal""]
    3 --> 4[""filter_shape_cylinder""]
    4 --> 5[""unique""]
    5 --> 6[""same_size""]
    6 --> 7[""exist""]
"
204,"
graph LR
    1[""scene""] --> 2[""filter_size_large""]
    1 --> 3[""filter_color_red""]
    2 --> 4[""And""]
    3 --> 4
    4 --> 5[""exist""]
"
205,"
graph LR
    1[""scene""] --> 2[""filter_color_green""]
    2 --> 3[""filter_shape_cylinder""]
    3 --> 4[""unique""]
    4 --> 5[""relate_in_front""]
    5 --> 6[""filter_shape_cylinder""]
    6 --> 7[""unique""]
    7 --> 8[""query_material""]
"
206,"
graph LR
    1[""scene""] --> 2[""filter_color_red""]
    2 --> 3[""filter_material_metal""]
    3 --> 4[""unique""]
    1 --> 5[""filter_color_gray""]
    5 --> 6[""filter_shape_sphere""]
    6 --> 7[""unique""]
    7 --> 8[""relate_in_front""]
    4 --> 9[""relate_behind""]
    8 --> 10[""AND""]
    9 --> 10
    10 --> 11[""filter_material_metal""]
    11 --> 12[""unique""]
    12 --> 13[""query_shape""]
"
207,"
graph LR
    1[""scene""] --> 2[""filter_color_red""]
    2 --> 3[""filter_size_large""]
    3 --> 4[""unique""]
    1 --> 5[""filter_color_purple""]
    5 --> 6[""filter_material_metal""]
    6 --> 7[""filter_shape_cylinder""]
    7 --> 8[""unique""]
    8 --> 9[""relate_in_front""]
    9 --> 10[""And""]
    4 --> 10
    10 --> 11[""query_material""]
"
208,"
graph LR
    1[""scene""] --> 2[""filter_color_brown""]
    2 --> 3[""filter_material_rubber""]
    3 --> 4[""unique""]
    4 --> 5[""relate_in_front""]
    1 --> 6[""filter_color_brown""]
    6 --> 7[""filter_shape_cylinder""]
    7 --> 8[""filter_material_rubber""]
    8 --> 9[""unique""]
    9 --> 10[""relate_in_front""]
    5 --> 11[""And""]
    10 --> 11
    11 --> 12[""filter_color_brown""]
    12 --> 13[""unique""]
    13 --> 14[""query_material""]
"
209,"
graph LR
    1[""scene""] --> 2[""filter_color_yellow""]
    2 --> 3[""filter_size_large""]
    3 --> 4[""unique""]
    4 --> 5[""relate_in_front""]
    1 --> 6[""filter_material_metal""]
    5 --> 7[""And""]
    6 --> 7
    7 --> 8[""query_shape""]
"
210,"
graph LR
    1[""scene""] --> 2[""filter_size_small""]
    2 --> 3[""filter_material_metal""]
    3 --> 4[""unique""]
    4 --> 5[""relate_behind""]
    1 --> 6[""filter_color_yellow""]
    5 --> 7[""AND""]
    6 --> 7
    7 --> 8[""filter_shape_sphere""]
    1 --> 9[""filter_color_cyan""]
    9 --> 10[""filter_material_metal""]
    10 --> 11[""filter_shape_cylinder""]
    7 --> 12[""OR""]
    11 --> 12
    12 --> 13[""count""]
"
211,"
graph LR
    1[""scene""] --> 2[""filter_color_gray""]
    2 --> 3[""filter_material_metal""]
    3 --> 4[""filter_shape_cube""]
    4 --> 5[""unique""]
    5 --> 6[""same_size""]
    6 --> 7[""AND""]
    1 --> 8[""unique""]
    7 --> 8
    8 --> 9[""count""]
"
212,"
graph LR
    1[""scene""] --> 2[""filter_shape_cube""]
    2 --> 3[""unique""]
    3 --> 4[""same_color""]
    4 --> 5[""count""]
"
213,"
graph LR
    1[""scene""] --> 2[""filter_size_small""]
    2 --> 3[""filter_material_metal""]
    3 --> 4[""filter_color_blue""]
    4 --> 5[""unique""]
    1 --> 6[""filter_size_small""]
    6 --> 7[""filter_material_rubber""]
    7 --> 8[""unique""]
    5 --> 9[""relate_right""]
    8 --> 10[""relate_behind""]
    9 --> 11[""And""]
    10 --> 11
    11 --> 12[""filter_size_small""]
    12 --> 13[""count""]
"
214,"
graph LR
    1[""scene""] --> 2[""filter_size_small""]
    2 --> 3[""filter_color_brown""]
    3 --> 4[""filter_shape_cylinder""]
    1 --> 5[""filter_size_small""]
    5 --> 6[""filter_material_metal""]
    6 --> 7[""filter_shape_cylinder""]
    4 --> 8[""Or""]
    7 --> 8
    8 --> 9[""count""]
"
215,"
graph LR
    1[""scene""] --> 2[""filter_size_large""]
    2 --> 3[""filter_color_red""]
    3 --> 4[""filter_material_rubber""]
    4 --> 5[""count""]
    2 --> 6[""count""]
    5 --> 7[""less_than""]
    6 --> 7
"
216,"
graph LR
    1[""scene""] --> 2[""filter_color_blue""]
    2 --> 3[""filter_size_large""]
    3 --> 4[""unique""]
    1 --> 5[""filter_color_gray""]
    5 --> 6[""filter_size_large""]
    6 --> 7[""unique""]
    4 --> 8[""equal_material""]
    7 --> 8
"
217,"
graph LR
    1[""scene""] --> 2[""filter_color_brown""]
    2 --> 3[""filter_shape_cylinder""]
    3 --> 4[""unique""]
    4 --> 5[""same_material""]
    5 --> 6[""exist""]
"
218,"
graph LR
    1[""scene""] --> 2[""filter_size_small""]
    2 --> 3[""filter_material_metal""]
    3 --> 4[""filter_shape_sphere""]
    4 --> 5[""unique""]
    1 --> 6[""filter_size_large""]
    6 --> 7[""filter_color_green""]
    7 --> 8[""filter_shape_cube""]
    8 --> 9[""unique""]
    5 --> 10[""relate_left""]
    9 --> 11[""relate_left""]
    10 --> 12[""And""]
    11 --> 12
    12 --> 13[""filter_color_yellow""]
    13 --> 14[""filter_material_metal""]
    14 --> 15[""filter_shape_sphere""]
    15 --> 16[""count""]
    16 --> 17[""equal_integer""]
    16 --> 17
"
219,"
graph LR
    1[""scene""] --> 2[""filter_shape_sphere""]
    2 --> 3[""unique""]
    3 --> 4[""same_material""]
    1 --> 5[""filter_color_cyan""]
    5 --> 6[""unique""]
    6 --> 7[""exist""]
    7 --> 8[""in""]
    4 --> 8
"
220,"
graph LR
    1[""scene""] --> 2[""filter_size_small""]
    2 --> 3[""filter_material_rubber""]
    3 --> 4[""unique""]
    4 --> 5[""same_color""]
    5 --> 6[""query_material""]
"
221,"
graph LR
    1[""scene""] --> 2[""filter_color_cyan""]
    2 --> 3[""filter_material_metal""]
    3 --> 4[""unique""]
    4 --> 5[""same_shape""]
    5 --> 6[""filter_size_small""]
    6 --> 7[""filter_material_metal""]
    7 --> 8[""unique""]
    8 --> 9[""query_color""]
"
222,"
graph LR
    1[""scene""] --> 2[""filter_color_yellow""]
    2 --> 3[""unique""]
    3 --> 4[""query_shape""]
"
223,"
graph LR
    1[""scene""] --> 2[""filter_size_large""]
    2 --> 3[""filter_color_blue""]
    3 --> 4[""filter_material_rubber""]
    4 --> 5[""unique""]
    5 --> 6[""same_shape""]
    6 --> 7[""filter_color_brown""]
    7 --> 8[""filter_material_metal""]
    8 --> 9[""query_size""]
"
224,"
graph LR
    1[""scene""] --> 2[""filter_material_metal""]
    2 --> 3[""unique""]
    1 --> 4[""filter_color_yellow""]
    4 --> 5[""same_shape""]
    5 --> 6[""And""]
    3 --> 6
    6 --> 7[""exclude""]
    7 --> 8[""query_size""]
"
225,"
graph LR
    1[""scene""] --> 2[""filter_size_small""]
    2 --> 3[""filter_color_red""]
    3 --> 4[""filter_material_metal""]
    4 --> 5[""filter_shape_cylinder""]
    5 --> 6[""count""]
"
226,"
graph LR
    1[""scene""] --> 2[""filter_size_large""]
    2 --> 3[""filter_color_gray""]
    3 --> 4[""unique""]
    1 --> 5[""filter_color_gray""]
    5 --> 6[""filter_material_rubber""]
    6 --> 7[""same_shape""]
    4 --> 7
    7 --> 8[""count""]
"
227,"
graph LR
    1[""scene""] --> 2[""filter_color_cyan""]
    2 --> 3[""filter_size_small""]
    3 --> 4[""filter_material_rubber""]
    4 --> 5[""unique""]
    5 --> 6[""same_shape""]
    6 --> 7[""And""]
    5 --> 7
    7 --> 8[""count""]
"
228,"
graph LR
    1[""scene""] --> 2[""filter_size_large""]
    1 --> 3[""filter_color_red""]
    3 --> 4[""filter_material_rubber""]
    1 --> 5[""filter_shape_cylinder""]
    5 --> 6[""filter_material_rubber""]
    4 --> 7[""union""]
    6 --> 7
    7 --> 8[""union""]
    2 --> 8
    8 --> 9[""count""]
"
229,"
graph LR
    1[""scene""] --> 2[""filter_shape_cylinder""]
    2 --> 3[""unique""]
    3 --> 4[""same_size""]
    4 --> 5[""count""]
"
230,"
graph LR
    1[""scene""] --> 2[""filter_size_small""]
    2 --> 3[""relate_left""]
    1 --> 4[""filter_shape_cylinder""]
    4 --> 5[""unique""]
    5 --> 6[""filter_size_small""]
    6 --> 7[""count""]
    1 --> 8[""filter_size_large""]
    8 --> 9[""filter_color_gray""]
    9 --> 10[""filter_material_rubber""]
    10 --> 11[""count""]
    7 --> 12[""less_than""]
    11 --> 12
"
231,"
graph LR
    1[""scene""] --> 2[""filter_size_small""]
    2 --> 3[""filter_color_brown""]
    3 --> 4[""filter_material_metal""]
    4 --> 5[""unique""]
    5 --> 6[""relate_behind""]
    6 --> 7[""filter_size_small""]
    7 --> 8[""filter_material_rubber""]
    8 --> 9[""unique""]
    9 --> 10[""exist""]
"
232,"
graph LR
    1[""scene""] --> 2[""filter_size_large""]
    2 --> 3[""filter_color_yellow""]
    3 --> 4[""unique""]
    4 --> 5[""query_shape""]
    1 --> 6[""filter_color_cyan""]
    6 --> 7[""filter_material_metal""]
    5 --> 8[""same_shape""]
    8 --> 7
    7 --> 9[""And""]
    6 --> 9
    9 --> 10[""exist""]
"
233,"
graph LR
    1[""scene""] --> 2[""filter_color_purple""]
    1 --> 3[""filter_material_metal""]
    2 --> 3
    3 --> 4[""unique""]
    2 --> 5[""filter_material_rubber""]
    5 --> 6[""filter_shape_cube""]
    6 --> 7[""unique""]
    7 --> 8[""relate_in_front""]
    4 --> 9[""exist""]
    8 --> 9
"
234,"
graph LR
    1[""scene""] --> 2[""filter_size_large""]
    2 --> 3[""unique""]
    3 --> 4[""relate_in_front""]
    1 --> 5[""filter_color_gray""]
    5 --> 6[""filter_material_rubber""]
    6 --> 7[""unique""]
    4 --> 8[""equal_shape""]
    7 --> 8
"
235,"
graph LR
    1[""scene""] --> 2[""filter_color_purple""]
    2 --> 3[""filter_size_large""]
    3 --> 4[""unique""]
    1 --> 5[""filter_color_green""]
    5 --> 6[""filter_size_large""]
    6 --> 7[""unique""]
    4 --> 8[""relate_right""]
    7 --> 9[""relate_in_front""]
    8 --> 10[""And""]
    9 --> 10
    10 --> 11[""filter_size_large""]
    11 --> 12[""query_color""]
"
236,"
graph LR
    1[""scene""] --> 2[""filter_material_metal""]
    2 --> 3[""relate_in_front""]
    3 --> 4[""filter_size_small""]
    4 --> 5[""unique""]
    1 --> 6[""filter_size_small""]
    6 --> 7[""unique""]
    7 --> 8[""relate_behind""]
    5 --> 9[""filter_color_cyan""]
    9 --> 10[""unique""]
    10 --> 11[""query_size""]
"
237,"
graph LR
    1[""scene""] --> 2[""filter_color_red""]
    2 --> 3[""filter_material_rubber""]
    3 --> 4[""unique""]
    4 --> 5[""relate_behind""]
    1 --> 6[""filter_color_cyan""]
    6 --> 7[""filter_size_small""]
    7 --> 8[""unique""]
    8 --> 9[""relate_in_front""]
    5 --> 10[""filter_size_small""]
    10 --> 11[""filter_color_cyan""]
    11 --> 12[""unique""]
    12 --> 13[""relate_behind""]
    9 --> 14[""filter_size_small""]
    14 --> 15[""filter_material_rubber""]
    15 --> 16[""unique""]
    16 --> 17[""query_color""]
"
238,"
graph LR
    1[""scene""] --> 2[""filter_size_small""]
    2 --> 3[""filter_color_red""]
    3 --> 4[""filter_material_rubber""]
    4 --> 5[""unique""]
    5 --> 6[""relate_in_front""]
    6 --> 7[""filter_shape_cube""]
    7 --> 8[""unique""]
    8 --> 9[""query_size""]
"
239,"
graph LR
    1[""scene""] --> 2[""filter_color_green""]
    2 --> 3[""filter_material_metal""]
    3 --> 4[""unique""]
    4 --> 5[""query_size""]
"
240,"
graph LR
    1[""scene""] --> 2[""filter_color_brown""]
    2 --> 3[""filter_shape_sphere""]
    3 --> 4[""unique""]
    4 --> 5[""relate_left""]
    1 --> 6[""filter_color_cyan""]
    1 --> 7[""filter_shape_sphere""]
    5 --> 8[""OR""]
    6 --> 8
    7 --> 8
    8 --> 9[""count""]
"
241,"
graph LR
    1[""scene""] --> 2[""filter_color_green""]
    1 --> 3[""filter_color_brown""]
    3 --> 4[""filter_material_metal""]
    4 --> 5[""Or""]
    2 --> 5
    5 --> 6[""filter_shape_cylinder""]
    6 --> 7[""count""]
"
242,"
graph LR
    1[""scene""] --> 2[""filter_size_small""]
    2 --> 3[""filter_shape_cube""]
    1 --> 4[""filter_material_metal""]
    4 --> 5[""filter_shape_cylinder""]
    3 --> 6[""And""]
    5 --> 6
    6 --> 7[""filter_color_cyan""]
    7 --> 8[""count""]
"
243,"
graph LR
    1[""scene""] --> 2[""filter_size_large""]
    2 --> 3[""filter_color_red""]
    3 --> 4[""filter_shape_sphere""]
    4 --> 5[""filter_material_rubber""]
    5 --> 6[""count""]
"
244,"
graph LR
    1[""scene""] --> 2[""filter_color_yellow""]
    2 --> 3[""filter_shape_cylinder""]
    3 --> 4[""unique""]
    1 --> 5[""filter_color_brown""]
    5 --> 6[""filter_material_rubber""]
    6 --> 7[""filter_shape_cube""]
    7 --> 8[""unique""]
    4 --> 9[""relate_right""]
    9 --> 10[""filter_shape_cube""]
    8 --> 11[""relate_in_front""]
    11 --> 12[""filter_shape_cube""]
    10 --> 13[""and""]
    12 --> 13
    13 --> 14[""count""]
"
245,"
graph LR
    1[""scene""] --> 2[""filter_color_red""]
    2 --> 3[""filter_material_matte""]
    3 --> 4[""filter_shape_ball""]
    1 --> 5[""filter_color_brown""]
    5 --> 6[""filter_material_shiny""]
    6 --> 7[""filter_shape_cylinder""]
    4 --> 8[""equal_size""]
    7 --> 8
"
246,"
graph LR
    1[""scene""] --> 2[""filter_color_purple""]
    2 --> 3[""unique""]
    3 --> 4[""relate_right""]
    1 --> 5[""filter_size_large""]
    5 --> 6[""filter_color_blue""]
    6 --> 7[""filter_material_metal""]
    7 --> 8[""count""]
    1 --> 9[""filter_color_blue""]
    9 --> 10[""unique""]
    10 --> 11[""relate_right""]
    1 --> 12[""filter_color_gray""]
    12 --> 13[""filter_material_rubber""]
    13 --> 14[""filter_shape_cube""]
    14 --> 15[""count""]
    8 --> 16[""equal_integer""]
    15 --> 16
"
247,"
graph LR
    1[""scene""] --> 2[""filter_color_gray""]
    2 --> 3[""filter_material_rubber""]
    3 --> 4[""unique""]
    1 --> 5[""filter_color_gray""]
    5 --> 6[""filter_material_metal""]
    6 --> 7[""unique""]
    7 --> 8[""relate_behind""]
    1 --> 9[""filter_material_rubber""]
    9 --> 10[""unique""]
    8 --> 10
    10 --> 11[""same_shape""]
    4 --> 11
"
248,"
graph LR
    1[""scene""] --> 2[""filter_color_green""]
    2 --> 3[""filter_shape_cylinder""]
    3 --> 4[""unique""]
    4 --> 5[""same_size""]
    5 --> 6[""exist""]
"
249,"
graph LR
    1[""scene""] --> 2[""filter_color_cyan""]
    2 --> 3[""filter_material_rubber""]
    3 --> 4[""filter_size_large""]
    4 --> 5[""unique""]
    5 --> 6[""filter_color_gray""]
    5 --> 7[""same_shape""]
    6 --> 7
    7 --> 8[""exist""]
"
250,"
graph LR
    1[""scene""] --> 2[""filter_color_blue""]
    2 --> 3[""filter_size_large""]
    3 --> 4[""unique""]
    4 --> 5[""same_shape""]
    5 --> 6[""filter_material_metal""]
    6 --> 7[""filter_color_green""]
    7 --> 8[""unique""]
    8 --> 9[""query_size""]
"
251,"
graph LR
    1[""scene""] --> 2[""filter_size_large""]
    2 --> 3[""filter_material_rubber""]
    3 --> 4[""unique""]
    4 --> 5[""relate_right""]
    1 --> 6[""filter_color_red""]
    6 --> 7[""filter_material_rubber""]
    7 --> 8[""unique""]
    8 --> 5
    5 --> 9[""filter_shape_cube""]
    9 --> 10[""query_shape""]
"
252,"
graph LR
    1[""scene""] --> 2[""filter_color_cyan""]
    2 --> 3[""unique""]
    3 --> 4[""query_shape""]
"
253,"
graph LR
    1[""scene""] --> 2[""filter_size_small""]
    2 --> 3[""filter_color_gray""]
    3 --> 4[""filter_material_rubber""]
    4 --> 5[""unique""]
    1 --> 6[""filter_size_large""]
    6 --> 7[""filter_material_metal""]
    7 --> 8[""unique""]
    5 --> 9[""relate_behind""]
    8 --> 10[""relate_behind""]
    9 --> 11[""And""]
    10 --> 11
    11 --> 12[""filter_color_yellow""]
    12 --> 13[""query_material""]
"
254,"
graph LR
    1[""scene""] --> 2[""filter_color_brown""]
    2 --> 3[""filter_size_large""]
    3 --> 4[""unique""]
    4 --> 5[""relate_behind""]
    1 --> 6[""filter_material_metal""]
    6 --> 7[""unique""]
    7 --> 8[""relate_in_front""]
    8 --> 9[""unique""]
    9 --> 10[""relate_in_front""]
    1 --> 11[""filter_size_large""]
    11 --> 12[""filter_shape_cube""]
    12 --> 13[""unique""]
    13 --> 14[""query_material""]
"
255,"
graph LR
    1[""scene""] --> 2[""filter_size_large""]
    2 --> 3[""filter_color_yellow""]
    3 --> 4[""unique""]
    4 --> 5[""same_shape""]
    5 --> 6[""filter_size_large""]
    6 --> 7[""filter_material_rubber""]
    7 --> 8[""filter_color_red""]
    8 --> 9[""count""]
"
256,"
graph LR
    1[""scene""] --> 2[""filter_size_large""]
    2 --> 3[""filter_color_green""]
    3 --> 4[""unique""]
    4 --> 5[""same_material""]
    5 --> 6[""filter_size_large""]
    6 --> 7[""filter_color_blue""]
    7 --> 8[""count""]
"
257,"
graph LR
    1[""scene""] --> 2[""filter_color_gray""]
    2 --> 3[""filter_material_metal""]
    3 --> 4[""unique""]
    4 --> 5[""same_shape""]
    5 --> 6[""count""]
"
258,"
graph LR
    1[""scene""] --> 2[""filter_size_large""]
    2 --> 3[""filter_material_metal""]
    3 --> 4[""unique""]
    4 --> 5[""query_material""]
    5 --> 6[""not""]
    4 --> 7[""query_color""]
    7 --> 8[""same_color""]
    8 --> 9[""filter_shape_sphere""]
    9 --> 10[""count""]
"
259,"
graph LR
    1[""scene""] --> 2[""filter_color_purple""]
    1 --> 3[""filter_size_small""]
    1 --> 4[""filter_shape_sphere""]
    2 --> 5[""And""]
    3 --> 5
    4 --> 5
    5 --> 6[""And""]
    6 --> 7[""count""]
"
260,"
graph LR
    1[""scene""] --> 2[""filter_size_large""]
    2 --> 3[""filter_color_green""]
    3 --> 4[""unique""]
    4 --> 5[""relate_right""]
    5 --> 6[""filter_shape_cylinder""]
    6 --> 7[""unique""]
    1 --> 8[""filter_size_small""]
    8 --> 9[""filter_material_metal""]
    9 --> 10[""unique""]
    10 --> 11[""query_color""]
    7 --> 12[""query_color""]
    12 --> 13[""equal_color""]
    11 --> 13
"
261,"
graph LR
    1[""scene""] --> 2[""filter_color_cyan""]
    2 --> 3[""filter_shape_sphere""]
    3 --> 4[""unique""]
    4 --> 5[""same_size""]
    1 --> 6[""filter_color_purple""]
    6 --> 7[""filter_material_metal""]
    7 --> 8[""And""]
    6 --> 8
    8 --> 9[""filter_shape_sphere""]
    9 --> 10[""same_size""]
    11[""And""] --> 10
    5 --> 11
    10 --> 11
    11 --> 12[""exist""]
"
262,"
graph LR
    1[""scene""] --> 2[""filter_size_small""]
    2 --> 3[""filter_color_yellow""]
    3 --> 4[""filter_material_metal""]
    1 --> 5[""filter_shape_sphere""]
    5 --> 6[""relate_left""]
    4 --> 7[""count""]
    6 --> 8[""relate_in_front""]
    8 --> 9[""count""]
    7 --> 10[""less_than""]
    9 --> 10
"
263,"
graph LR
    1[""scene""] --> 2[""filter_color_green""]
    2 --> 3[""filter_material_metal""]
    3 --> 4[""unique""]
    4 --> 5[""relate_in_front""]
    5 --> 6[""filter_size_large""]
    6 --> 7[""filter_color_brown""]
    7 --> 8[""filter_shape_sphere""]
    8 --> 9[""exist""]
"
264,"
graph LR
    1[""scene""] --> 2[""filter_color_brown""]
    2 --> 3[""filter_material_metal""]
    3 --> 4[""unique""]
    4 --> 5[""same_size""]
    5 --> 6[""exist""]
"
265,"
graph LR
    1[""scene""] --> 2[""filter_color_cyan""]
    2 --> 3[""filter_size_small""]
    3 --> 4[""unique""]
    4 --> 5[""same_shape""]
    5 --> 6[""filter_material_metal""]
    6 --> 7[""unique""]
    7 --> 8[""query_color""]
"
266,"
graph LR
    1[""scene""] --> 2[""filter_size_small""]
    2 --> 3[""filter_color_cyan""]
    3 --> 4[""filter_material_metal""]
    4 --> 5[""unique""]
    1 --> 6[""filter_color_red""]
    6 --> 7[""unique""]
    7 --> 8[""relate_behind""]
    5 --> 9[""relate_right""]
    8 --> 10[""And""]
    9 --> 10
    10 --> 11[""filter_material_metal""]
    11 --> 12[""query_size""]
"
267,"
graph LR
    1[""scene""] --> 2[""filter_color_brown""]
    2 --> 3[""filter_shape_cube""]
    3 --> 4[""unique""]
    4 --> 5[""query_size""]
"
268,"
graph LR
    1[""scene""] --> 2[""filter_size_small""]
    2 --> 3[""filter_color_purple""]
    3 --> 4[""unique""]
    4 --> 5[""relate_right""]
    5 --> 6[""filter_color_red""]
    6 --> 7[""unique""]
    7 --> 8[""relate_left""]
    8 --> 9[""filter_size_small""]
    9 --> 10[""filter_shape_cylinder""]
    10 --> 11[""unique""]
    11 --> 12[""query_material""]
"
269,"
graph LR
    1[""scene""] --> 2[""filter_color_yellow""]
    2 --> 3[""filter_size_large""]
    3 --> 4[""unique""]
    4 --> 5[""relate_right""]
    5 --> 6[""filter_material_rubber""]
    1 --> 7[""filter_color_cyan""]
    7 --> 8[""filter_size_large""]
    8 --> 9[""unique""]
    9 --> 10[""relate_left""]
    10 --> 11[""filter_material_rubber""]
    6 --> 12[""And""]
    11 --> 12
    12 --> 13[""unique""]
    13 --> 14[""query_color""]
"
270,"
graph LR
    1[""scene""] --> 2[""filter_material_rubber""]
    2 --> 3[""filter_shape_cube""]
    3 --> 4[""unique""]
    4 --> 5[""query_color""]
    1 --> 6[""filter_size_small""]
    6 --> 7[""filter_material_metal""]
    7 --> 8[""filter_shape_sphere""]
    5 --> 9[""same_color""]
    8 --> 9
    9 --> 10[""count""]
"
271,"
graph LR
    1[""scene""] --> 2[""filter_color_green""]
    2 --> 3[""unique""]
    1 --> 4[""filter_size_small""]
    4 --> 5[""filter_color_red""]
    5 --> 6[""filter_material_rubber""]
    3 --> 7[""same_shape""]
    7 --> 8[""And""]
    6 --> 8
    8 --> 9[""count""]
"
272,"
graph LR
    1[""scene""] --> 2[""filter_material_metal""]
    2 --> 3[""filter_color_blue""]
    2 --> 4[""filter_shape_cylinder""]
    2 --> 5[""filter_size_small""]
    2 --> 6[""filter_color_cyan""]
    4 --> 7[""And""]
    5 --> 7
    6 --> 7
    7 --> 8[""count""]
"
273,"
graph LR
    1[""scene""] --> 2[""filter_color_cyan""]
    2 --> 3[""filter_material_metal""]
    3 --> 4[""count""]
"
274,"
graph LR
    1[""scene""] --> 2[""filter_color_brown""]
    2 --> 3[""filter_shape_cylinder""]
    3 --> 4[""unique""]
    4 --> 5[""same_material""]
    5 --> 6[""And""]
    4 --> 6
    6 --> 7[""count""]
"
275,"
graph LR
    1[""scene""] --> 2[""filter_color_cyan""]
    2 --> 3[""filter_shape_sphere""]
    3 --> 4[""unique""]
    4 --> 5[""relate_in_front""]
    1 --> 6[""filter_color_blue""]
    6 --> 7[""filter_material_metal""]
    7 --> 8[""filter_size_large""]
    8 --> 9[""unique""]
    9 --> 10[""relate_in_front""]
    5 --> 11[""filter_color_purple""]
    10 --> 12[""filter_color_purple""]
    11 --> 13[""count""]
    12 --> 13
    13 --> 14[""equal_integer""]
"
276,"
graph LR
    1[""scene""] --> 2[""filter_color_red""]
    2 --> 3[""unique""]
    3 --> 4[""relate_behind""]
    1 --> 5[""filter_size_small""]
    4 --> 5
    5 --> 6[""filter_material_metal""]
    6 --> 7[""unique""]
    7 --> 8[""filter_color_purple""]
    8 --> 9[""unique""]
    9 --> 10[""equal_shape""]
    7 --> 10
"
277,"
graph LR
    1[""scene""] --> 2[""filter_size_large""]
    2 --> 3[""filter_shape_cube""]
    3 --> 4[""unique""]
    1 --> 5[""filter_size_small""]
    5 --> 6[""filter_material_metal""]
    6 --> 7[""unique""]
    4 --> 8[""equal_color""]
    7 --> 8
"
278,"
graph LR
    1[""scene""] --> 2[""filter_size_large""]
    2 --> 3[""filter_material_metal""]
    3 --> 4[""filter_color_red""]
    4 --> 5[""unique""]
    1 --> 6[""filter_size_large""]
    6 --> 7[""filter_material_metal""]
    7 --> 8[""unique""]
    8 --> 9[""relate_right""]
    9 --> 10[""filter_size_large""]
    10 --> 11[""unique""]
    5 --> 12[""equal_shape""]
    11 --> 12
"
279,"
graph LR
    1[""scene""] --> 2[""filter_size_large""]
    2 --> 3[""filter_material_rubber""]
    3 --> 4[""filter_color_red""]
    4 --> 5[""unique""]
    5 --> 6[""relate_right""]
    1 --> 7[""filter_size_small""]
    7 --> 8[""filter_color_brown""]
    6 --> 8
    8 --> 9[""count""]
    1 --> 10[""filter_color_cyan""]
    10 --> 11[""filter_material_metal""]
    11 --> 12[""count""]
    9 --> 13[""greater_than""]
    12 --> 13
"
280,"
graph LR
    1[""scene""] --> 2[""filter_color_green""]
    2 --> 3[""unique""]
    1 --> 4[""filter_color_purple""]
    4 --> 5[""filter_shape_cube""]
    5 --> 6[""unique""]
    6 --> 7[""same_size""]
    7 --> 8[""And""]
    3 --> 8
    8 --> 9[""query_material""]
"
281,"
graph LR
    1[""scene""] --> 2[""filter_color_red""]
    2 --> 3[""unique""]
    3 --> 4[""relate_left""]
    4 --> 5[""filter_material_rubber""]
    5 --> 6[""query_color""]
"
282,"
graph LR
    1[""scene""] --> 2[""filter_size_large""]
    2 --> 3[""filter_shape_sphere""]
    3 --> 4[""unique""]
    4 --> 5[""same_material""]
    5 --> 6[""And""]
    1 --> 6
    6 --> 7[""filter_shape_sphere""]
    7 --> 8[""query_color""]
"
283,"
graph LR
    1[""scene""] --> 2[""filter_size_small""]
    2 --> 3[""unique""]
    3 --> 4[""relate_right""]
    1 --> 5[""filter_color_purple""]
    5 --> 6[""unique""]
    6 --> 7[""relate_in_front""]
    4 --> 8[""and""]
    7 --> 8
    8 --> 9[""filter_material_matte""]
    9 --> 10[""unique""]
    10 --> 11[""query_color""]
"
284,"
graph LR
    1[""scene""] --> 2[""filter_color_cyan""]
    2 --> 3[""filter_shape_cylinder""]
    3 --> 4[""unique""]
    4 --> 5[""relate_in_front""]
    1 --> 6[""filter_material_metal""]
    6 --> 7[""unique""]
    7 --> 8[""relate_in_front""]
    5 --> 8
    8 --> 9[""filter_material_rubber""]
    9 --> 10[""unique""]
    10 --> 11[""relate_right""]
    10 --> 3
    11 --> 12[""filter_size_large""]
    12 --> 13[""unique""]
    13 --> 14[""query_material""]
"
285,"
graph LR
    1[""scene""] --> 2[""filter_color_yellow""]
    1 --> 3[""filter_material_metal""]
    3 --> 4[""filter_size_large""]
    1 --> 5[""filter_size_small""]
    5 --> 6[""filter_material_rubber""]
    4 --> 7[""OR""]
    6 --> 7
    7 --> 8[""count""]
"
286,"
graph LR
    1[""scene""] --> 2[""filter_color_red""]
    2 --> 3[""filter_material_metal""]
    3 --> 4[""unique""]
    4 --> 5[""relate_left""]
    1 --> 6[""filter_size_small""]
    1 --> 7[""filter_material_rubber""]
    6 --> 8[""AND""]
    7 --> 8
    8 --> 9[""unique""]
    1 --> 10[""filter_color_green""]
    10 --> 11[""filter_size_small""]
    11 --> 12[""unique""]
    12 --> 13[""relate_behind""]
    5 --> 14[""OR""]
    13 --> 14
    14 --> 15[""count""]
"
287,"
graph LR
    1[""scene""] --> 2[""filter_color_cyan""]
    2 --> 3[""OR""]
    1 --> 4[""filter_size_large""]
    4 --> 5[""filter_shape_cylinder""]
    5 --> 3
    3 --> 6[""filter_material_rubber""]
    6 --> 7[""count""]
"
288,"
graph LR
    1[""scene""] --> 2[""filter_size_small""]
    2 --> 3[""filter_material_metal""]
    3 --> 4[""unique""]
    1 --> 5[""filter_material_rubber""]
    5 --> 6[""unique""]
    4 --> 7[""same_color""]
    7 --> 8[""And""]
    6 --> 8
    8 --> 9[""count""]
"
289,"
graph LR
    1[""scene""] --> 2[""filter_size_small""]
    2 --> 3[""filter_color_red""]
    3 --> 4[""filter_material_metal""]
    4 --> 5[""count""]
"
290,"
graph LR
    1[""scene""] --> 2[""filter_color_brown""]
    2 --> 3[""unique""]
    3 --> 4[""same_size""]
    4 --> 5[""exist""]
"
291,"
graph LR
    1[""scene""] --> 2[""filter_size_small""]
    2 --> 3[""filter_color_blue""]
    3 --> 4[""unique""]
    1 --> 5[""filter_color_purple""]
    5 --> 6[""unique""]
    4 --> 7[""equal_material""]
    6 --> 7
"
292,"
graph LR
    1[""scene""] --> 2[""filter_color_blue""]
    2 --> 3[""filter_material_metal""]
    3 --> 4[""unique""]
    1 --> 5[""filter_color_cyan""]
    5 --> 6[""filter_shape_sphere""]
    6 --> 7[""unique""]
    7 --> 8[""relate_in_front""]
    8 --> 9[""filter_shape_sphere""]
    9 --> 10[""unique""]
    4 --> 11[""relate_left""]
    11 --> 12[""filter_color_yellow""]
    12 --> 13[""unique""]
    13 --> 14[""query_material""]
    10 --> 15[""query_material""]
    14 --> 16[""equal_material""]
    15 --> 16
"
293,"
graph LR
    1[""scene""] --> 2[""filter_color_green""]
    2 --> 3[""unique""]
    3 --> 4[""same_size""]
    4 --> 5[""exist""]
"
294,"
graph LR
    1[""scene""] --> 2[""filter_color_brown""]
    2 --> 3[""filter_shape_cylinder""]
    3 --> 4[""unique""]
    1 --> 5[""filter_size_small""]
    1 --> 6[""filter_color_red""]
    5 --> 7[""unique""]
    6 --> 7
    4 --> 8[""equal_material""]
    7 --> 8
"
295,"
graph LR
    1[""scene""] --> 2[""filter_color_green""]
    2 --> 3[""filter_material_metal""]
    3 --> 4[""filter_shape_cylinder""]
    4 --> 5[""unique""]
    5 --> 6[""relate_right""]
    6 --> 7[""filter_material_rubber""]
    7 --> 8[""unique""]
    8 --> 9[""query_size""]
"
296,"
graph LR
    1[""scene""] --> 2[""filter_color_green""]
    2 --> 3[""filter_shape_cylinder""]
    3 --> 4[""filter_material_metal""]
    4 --> 5[""unique""]
    5 --> 6[""same_size""]
    6 --> 7[""filter_material_metal""]
    7 --> 8[""unique""]
    8 --> 9[""query_shape""]
"
297,"
graph LR
    1[""scene""] --> 2[""filter_size_large""]
    2 --> 3[""filter_material_metal""]
    3 --> 4[""unique""]
    1 --> 5[""filter_color_purple""]
    5 --> 6[""filter_material_metal""]
    6 --> 7[""unique""]
    4 --> 8[""relate_behind""]
    7 --> 9[""relate_in_front""]
    8 --> 10[""And""]
    9 --> 10
    10 --> 11[""filter_material_metal""]
    11 --> 12[""query_size""]
"
298,"
graph LR
    1[""scene""] --> 2[""filter_color_yellow""]
    2 --> 3[""filter_size_small""]
    3 --> 4[""filter_material_metal""]
    4 --> 5[""unique""]
    5 --> 6[""same_shape""]
    1 --> 7[""filter_color_gray""]
    6 --> 7
    7 --> 8[""unique""]
    8 --> 9[""query_size""]
"
299,"
graph LR
    1[""scene""] --> 2[""filter_material_metal""]
    2 --> 3[""filter_shape_cube""]
    3 --> 4[""unique""]
    4 --> 5[""query_size""]
"
